Any,Comarca,Província,Longitud,Latitud,Superfície km2,Població.x 0-15,Població.y 0-15,Població.x 16-24,Població.y 16-24,Població.x 25-44,Població.y 25-44,Població.x 45-64,Població.y 45-64,Població.x 64+,Població.y 64+,Total kg/hab./dia,Recollida no selectiva,Recollida selectiva
2006,Alt Camp,Tarragona,1.168858284,41.262911399,538,3129,3288,2001,2169,6262,7115,4660,5027,3906,3120,1.47,14315.14,7772.63
2006,Alt Empordà,Girona,2.846670142,42.393804699,1358,9365,9803,5985,6239,19131,20972,13913,14500,11109,8945,2.94,95090.93,37897.31
2006,Alt Penedès,Barcelona,1.777332142,41.361030685,593,7732,8135,4553,4892,15689,17564,10610,11134,8419,6512,1.62,40258.06,16867.25
2006,Alt Urgell,Lleida,1.508278479,42.351403709,1447,1252,1411,1007,994,3305,3418,2376,2670,2294,1917,1.31,5068.45,5082
2006,Alta Ribagorça,Lleida,0.801124657,42.505378455,427,236,282,179,190,629,784,418,501,414,348,1.67,2147.76,335.41
2006,Anoia,Barcelona,1.443554697,41.59783259,866,8823,9391,5528,5614,17218,19490,12140,12523,9633,7265,1.63,55028.01,9970.66
2006,Bages,Barcelona,1.631966008,41.739169106,1299,12440,13430,8124,8416,26319,29271,20510,20569,19009,13456,1.46,61547.23,30708.47
2006,Baix Camp,Tarragona,0.975413192,41.210359353,697,14119,14676,8790,9102,27775,30049,19552,19921,14186,10916,1.82,75672.64,39400.37
2006,Baix Ebre,Tarragona,0.500058469,40.879900446,1003,5237,5704,3825,4173,10912,13376,8796,8896,8274,6607,1.52,35498.39,6805.87
2006,Baix Empordà,Girona,3.085288573,42.104398466,702,9142,9731,5757,6064,18816,20976,14361,14785,11050,8781,2.61,93098.4,25062.2
2006,Baix Llobregat,Barcelona,1.902601581,41.516171187,486,60759,64598,37091,38771,132272,140433,90141,88104,56386,43449,1.42,283169.27,114752.63
2006,Baix Penedès,Tarragona,1.486364127,41.245744816,296,6824,7149,4168,4158,13776,15531,9995,10378,6332,5569,2.27,59902.21,11224.11
2006,Barcelonès,Barcelona,2.24587666,41.452263347,145,137922,145689,101322,103508,357296,374931,285340,255010,257379,169837,1.4,836560.44,299391.17
2006,Berguedà,Barcelona,1.825611891,42.077717227,1185,2412,2602,1841,1972,5447,5997,4997,5204,5345,3986,1.44,16046.22,5024.97
2006,Cerdanya,Girona,1.837361267,42.397592638,547,1206,1376,805,923,2825,3271,1874,2196,1422,1165,2.13,10957.83,2421.19
2006,Conca de Barberà,Tarragona,1.228323935,41.41091586,650,1367,1476,965,1008,2849,3308,2219,2435,2476,1924,1.38,6406.88,3837.7
2006,Garraf,Barcelona,1.722171016,41.28615903,185,10658,10925,6036,6127,22411,23205,15645,15782,10307,7760,1.94,62624,31803.57
2006,Garrigues,Lleida,0.924154304,41.541651668,798,1136,1259,860,972,2492,3032,2321,2512,2678,2277,0.95,6032.45,933.9
2006,Garrotxa,Girona,2.641583767,42.21317776,735,3672,3877,2349,2476,7532,8559,6114,6582,6300,4714,1.61,23158.37,7830.95
2006,Gironès,Girona,2.761759172,41.938317975,575,13835,14622,8847,8872,27702,30653,18027,17813,13419,9686,1.43,54317.42,32296.58
2006,Maresme,Barcelona,2.294956934,41.493732172,399,32099,34426,19957,21308,66956,70963,49122,48632,33255,24394,1.77,178399.52,86085.98
2006,Montsià,Tarragona,0.480770667,40.5432439,735,4563,4763,3323,3506,9738,11238,7125,7406,6642,5556,1.4,24998.65,8426.29
2006,Noguera,Lleida,0.660407593,41.751364415,1784,2568,2637,1803,1810,5365,6199,4183,4509,4521,3819,1.31,16468.51,1943.37
2006,Osona,Barcelona,2.250544628,41.767986176,1260,11452,12409,7152,7418,22265,25189,16531,16956,14044,10206,1.39,39676.9,34349.76
2006,Pallars Jussà,Lleida,1.09247165,42.16144193,1343,722,755,508,564,1594,1850,1448,1594,1932,1573,1.33,4564.05,1581.55
2006,Pallars Sobirà,Lleida,1.317472691,42.548794993,1378,470,473,287,323,1108,1243,735,962,768,671,1.57,2961,1078.18
2006,Pla d'Urgell,Lleida,1.018357494,41.679015226,305,2440,2579,1582,1741,5099,6104,3590,3822,3649,2881,1.23,13186.42,2111.26
2006,Pla de l'Estany,Girona,2.765370615,42.118105569,263,2391,2489,1395,1459,4338,4663,3177,3271,2628,2065,1.62,12306.89,4528
2006,Priorat,Tarragona,0.766749088,41.165252561,499,584,565,360,452,1258,1557,1081,1294,1352,1138,1.29,2883.48,1741.29
2006,Ribera d'Ebre,Tarragona,0.567443286,41.180631047,827,1406,1469,1034,1209,2948,3327,2763,2970,2839,2345,1.43,6220.76,5776.4
2006,Ripollès,Girona,2.167213333,42.224467627,956,1524,1677,1094,1240,3580,4050,3378,3541,3549,2672,1.52,10554.33,4058.7
2006,Segarra,Lleida,1.271020203,41.665741746,723,1678,1744,1011,1020,3214,4203,2147,2336,2178,1772,1.5,7950.73,3947.06
2006,Segrià,Lleida,0.458875465,41.494156354,1397,13955,14685,9318,9709,29387,33472,21192,21268,18234,13391,1.3,73423.66,15532.03
2006,Selva,Girona,2.603018891,42.00924462,995,11306,12255,7018,7770,23699,27138,16683,17659,11702,9448,2.11,95967.33,20652.08
2006,Solsonès,Lleida,1.358748948,41.842277682,1001,1001,1052,611,666,1933,2298,1463,1575,1335,1144,1.48,5674.36,1354.36
2006,Tarragonès,Tarragona,1.376050084,41.142750135,319,17301,18445,11176,11872,36634,39721,25347,25469,17041,12928,2.05,130139.72,36413.11
2006,Terra Alta,Tarragona,0.260882637,40.910005124,743,708,747,532,676,1556,1812,1502,1691,1806,1589,1,3278.79,1341.86
2006,Urgell,Lleida,1.098859253,41.787239279,580,2508,2688,1676,1764,4972,5986,3769,3974,3850,2987,1.29,12845.83,3437.79
2006,Vall d'Aran,Lleida,0.71138294,42.754900684,634,674,747,482,520,1687,1915,994,1156,593,501,2.89,7326.65,2735.99
2006,Vallès Occidental,Barcelona,2.113347047,41.509070517,583,69258,73682,41702,43636,141855,149675,95798,93723,64834,46978,1.32,283842.68,118892.51
2006,Vallès Oriental,Barcelona,2.221915789,41.677289414,851,30840,32437,17999,19345,62840,68602,41838,42329,26833,20781,1.45,135723.05,61290.55
2007,Alt Camp,Tarragona,1.168858284,41.262911399,538,3295,3488,2036,2173,6510,7455,4902,5224,3966,3178,1.44,13916.42,8460.07
2007,Alt Empordà,Girona,2.846670142,42.393804699,1358,9942,10466,6166,6417,20241,22448,14718,15465,11408,9243,2.51,86034.31,32131.61
2007,Alt Penedès,Barcelona,1.777332142,41.361030685,593,8166,8558,4518,4803,16297,18391,11096,11584,8570,6647,1.67,39131.4,21020.91
2007,Alt Urgell,Lleida,1.508278479,42.351403709,1447,1311,1468,983,997,3335,3478,2481,2783,2279,1901,1.29,5162.29,4977.66
2007,Alta Ribagorça,Lleida,0.801124657,42.505378455,427,240,280,184,200,629,797,439,546,406,339,1.67,1997.65,515.02
2007,Anoia,Barcelona,1.443554697,41.59783259,866,9295,9798,5415,5599,17786,20349,12625,13057,9729,7351,1.56,52063.09,11589.49
2007,Bages,Barcelona,1.631966008,41.739169106,1299,13076,14017,8047,8265,27101,30366,21196,21254,19048,13567,1.47,62264.11,32468.38
2007,Baix Camp,Tarragona,0.975413192,41.210359353,697,14960,15546,9046,9266,28955,31822,20484,20834,14490,11140,1.76,77827.44,37880.87
2007,Baix Ebre,Tarragona,0.500058469,40.879900446,1003,5506,5977,3787,4230,11235,14173,9085,9264,8412,6694,1.49,33777.63,8949.47
2007,Baix Empordà,Girona,3.085288573,42.104398466,702,9599,10160,5793,6258,19655,21852,15058,15459,11265,8964,2.44,89840.72,22676.39
2007,Baix Llobregat,Barcelona,1.902601581,41.516171187,486,62521,66394,36173,37877,133543,141950,92313,90035,57402,44359,1.39,265756.7,126191.93
2007,Baix Penedès,Tarragona,1.486364127,41.245744816,296,7399,7823,4323,4326,14848,16802,10679,11057,6612,5846,2.28,62382.81,13169.68
2007,Barcelonès,Barcelona,2.24587666,41.452263347,145,140021,147845,99678,101262,361597,379129,288175,256714,257608,170294,1.46,817293.07,364740.18
2007,Berguedà,Barcelona,1.825611891,42.077717227,1185,2482,2699,1810,1908,5486,6177,5132,5414,5324,3940,1.44,15852.02,5388.01
2007,Cerdanya,Girona,1.837361267,42.397592638,547,1283,1443,835,910,2941,3426,1945,2317,1442,1181,2.07,10860.29,2542.28
2007,Conca de Barberà,Tarragona,1.228323935,41.41091586,650,1377,1525,951,1003,2903,3390,2309,2537,2460,1942,1.49,6332.77,4906.52
2007,Garraf,Barcelona,1.722171016,41.28615903,185,11121,11620,6144,6270,23287,24461,16356,16597,10569,8009,1.94,61391,35098.56
2007,Garrigues,Lleida,0.924154304,41.541651668,798,1146,1300,867,978,2497,3111,2376,2579,2674,2256,1.11,6787.07,1323.11
2007,Garrotxa,Girona,2.641583767,42.21317776,735,3809,4031,2291,2550,7645,8755,6362,6814,6292,4661,1.55,22733.47,7446.8
2007,Gironès,Girona,2.761759172,41.938317975,575,14476,15210,9019,8979,28777,32093,18720,18466,13542,9742,1.38,51577.61,34061.01
2007,Maresme,Barcelona,2.294956934,41.493732172,399,33014,35578,19594,20961,68191,72781,50980,50330,34024,25072,1.72,167918.74,91433.76
2007,Montsià,Tarragona,0.480770667,40.5432439,735,4813,5079,3347,3543,10283,11828,7345,7737,6794,5642,1.51,26131.26,11171.68
2007,Noguera,Lleida,0.660407593,41.751364415,1784,2607,2693,1765,1804,5374,6361,4307,4677,4529,3818,1.19,14329.25,2452.8
2007,Osona,Barcelona,2.250544628,41.767986176,1260,11829,12714,7015,7301,22692,25704,17117,17648,14185,10254,1.34,35630.09,36590.78
2007,Pallars Jussà,Lleida,1.09247165,42.16144193,1343,772,816,524,561,1677,1939,1520,1711,1951,1566,1.55,4677.21,2938.83
2007,Pallars Sobirà,Lleida,1.317472691,42.548794993,1378,467,490,299,322,1140,1286,770,998,745,661,1.64,2904.09,1410.41
2007,Pla d'Urgell,Lleida,1.018357494,41.679015226,305,2596,2764,1604,1743,5370,6329,3731,4015,3628,2889,1.26,13743.33,2340.7
2007,Pla de l'Estany,Girona,2.765370615,42.118105569,263,2505,2581,1367,1438,4439,4727,3262,3392,2708,2098,1.63,11718.26,5512.52
2007,Priorat,Tarragona,0.766749088,41.165252561,499,576,580,379,424,1251,1559,1126,1318,1336,1135,1.45,2955.97,2206.86
2007,Ribera d'Ebre,Tarragona,0.567443286,41.180631047,827,1464,1492,1030,1199,2980,3415,2899,3063,2828,2353,1.5,6320.9,6462.12
2007,Ripollès,Girona,2.167213333,42.224467627,956,1510,1742,1101,1207,3617,4077,3445,3621,3548,2646,1.84,11905.63,5902.73
2007,Segarra,Lleida,1.271020203,41.665741746,723,1695,1826,994,1024,3291,4211,2213,2408,2182,1768,1.42,6684.02,4572.8
2007,Segrià,Lleida,0.458875465,41.494156354,1397,14578,15301,9334,9756,30374,34822,21973,22171,18362,13411,1.31,69479.97,21639.51
2007,Selva,Girona,2.603018891,42.00924462,995,12132,12997,7378,8035,25209,29048,17682,18881,12111,9740,2.21,102424.53,25027.26
2007,Solsonès,Lleida,1.358748948,41.842277682,1001,1046,1088,638,689,1981,2366,1489,1629,1370,1171,1.49,5498.61,1803.73
2007,Tarragonès,Tarragona,1.376050084,41.142750135,319,18326,19568,11610,12078,38591,42495,26708,26865,17311,13327,2,130490.83,38372.41
2007,Terra Alta,Tarragona,0.260882637,40.910005124,743,721,766,507,642,1564,1809,1517,1680,1807,1604,1.05,3204.65,1649.57
2007,Urgell,Lleida,1.098859253,41.787239279,580,2631,2827,1682,1740,5082,6114,3930,4149,3912,2987,1.28,12940.53,3377.51
2007,Vall d'Aran,Lleida,0.71138294,42.754900684,634,678,765,498,520,1764,2082,1053,1229,585,489,2.74,6965.01,2840.63
2007,Vallès Occidental,Barcelona,2.113347047,41.509070517,583,71751,76132,41071,43167,144809,153219,99010,96640,65689,47570,1.41,304852.56,131725.97
2007,Vallès Oriental,Barcelona,2.221915789,41.677289414,851,32133,33750,17823,19050,64364,70406,43338,43862,27492,21313,1.42,131831.27,63496.83
2008,Alt Camp,Tarragona,1.168858284,41.262911399,538,3522,3671,2041,2247,6731,7793,5094,5482,4018,3206,1.4,13922.32,8596.84
2008,Alt Empordà,Girona,2.846670142,42.393804699,1358,10429,11027,6451,6690,21071,23824,15580,16373,11701,9656,2.37,82605.14,34366.2
2008,Alt Penedès,Barcelona,1.777332142,41.361030685,593,8538,9084,4502,4750,16889,18840,11560,12047,8653,6756,1.6,38332.12,21097.58
2008,Alt Urgell,Lleida,1.508278479,42.351403709,1447,1347,1520,988,1008,3379,3559,2594,2877,2252,1894,1.35,5874.7,4935.09
2008,Alta Ribagorça,Lleida,0.801124657,42.505378455,427,258,290,193,221,633,841,473,564,404,344,1.59,1844.3,670.63
2008,Anoia,Barcelona,1.443554697,41.59783259,866,9722,10277,5321,5545,18294,21106,13041,13434,9852,7498,1.59,52683.15,13997.32
2008,Bages,Barcelona,1.631966008,41.739169106,1299,13667,14611,8048,8256,27845,31517,21749,22046,19131,13491,1.4,56682.21,35747.44
2008,Baix Camp,Tarragona,0.975413192,41.210359353,697,15898,16296,9342,9688,30222,33572,21514,21813,14740,11359,1.76,72725.9,47847.88
2008,Baix Ebre,Tarragona,0.500058469,40.879900446,1003,5737,6273,3927,4339,11738,15210,9471,9774,8425,6723,1.44,31560.62,11243.63
2008,Baix Empordà,Girona,3.085288573,42.104398466,702,9956,10561,6000,6418,20211,22636,15631,16093,11473,9148,2.38,84862.42,28603.97
2008,Baix Llobregat,Barcelona,1.902601581,41.516171187,486,64316,68176,35530,37443,134298,142814,94508,91928,58776,45490,1.37,273896.31,117513.2
2008,Baix Penedès,Tarragona,1.486364127,41.245744816,296,7981,8372,4384,4400,15688,17753,11263,11656,6891,6142,2.23,62311.47,15526.62
2008,Barcelonès,Barcelona,2.24587666,41.452263347,145,142955,151248,98198,100395,365338,384504,290911,259559,258002,170759,1.44,824139.41,350741.61
2008,Berguedà,Barcelona,1.825611891,42.077717227,1185,2589,2833,1785,1956,5568,6442,5307,5631,5302,3917,1.44,16049.36,5717.58
2008,Cerdanya,Girona,1.837361267,42.397592638,547,1346,1520,833,897,3008,3525,2040,2456,1491,1212,1.96,10794.74,2527.36
2008,Conca de Barberà,Tarragona,1.228323935,41.41091586,650,1444,1614,955,1010,2962,3551,2392,2595,2436,1941,1.59,6363.19,5912.21
2008,Garraf,Barcelona,1.722171016,41.28615903,185,11546,12079,6133,6267,23865,25154,17038,17260,10790,8287,1.86,59922,35541.35
2008,Garrigues,Lleida,0.924154304,41.541651668,798,1211,1336,869,996,2529,3200,2417,2628,2670,2253,1.18,7322.43,1444.2
2008,Garrotxa,Girona,2.641583767,42.21317776,735,3893,4167,2346,2594,7755,8833,6535,7055,6281,4656,1.5,21607.39,8120.63
2008,Gironès,Girona,2.761759172,41.938317975,575,15025,15765,8954,9285,29549,33230,19417,19191,13648,9810,1.3,50464.01,32812.74
2008,Maresme,Barcelona,2.294956934,41.493732172,399,33943,36438,19263,20714,68776,73253,52551,51685,34646,25648,1.74,165865.98,101459.16
2008,Montsià,Tarragona,0.480770667,40.5432439,735,5152,5427,3561,3773,10813,12693,7689,8104,6858,5737,1.48,20924.32,17517.01
2008,Noguera,Lleida,0.660407593,41.751364415,1784,2683,2829,1814,1871,5492,6568,4428,4823,4546,3817,1.21,13381.23,4057.74
2008,Osona,Barcelona,2.250544628,41.767986176,1260,12236,13186,7088,7269,23101,25988,17707,18317,14233,10285,1.33,35117.49,37511.76
2008,Pallars Jussà,Lleida,1.09247165,42.16144193,1343,827,837,549,585,1737,2023,1560,1802,1925,1559,1.23,4663.01,1478.96
2008,Pallars Sobirà,Lleida,1.317472691,42.548794993,1378,506,505,309,320,1154,1318,821,1059,733,650,1.65,3167.12,1322.04
2008,Pla d'Urgell,Lleida,1.018357494,41.679015226,305,2731,2894,1584,1760,5498,6533,3879,4196,3625,2886,1.25,13766.56,2677.7
2008,Pla de l'Estany,Girona,2.765370615,42.118105569,263,2559,2694,1370,1514,4567,4879,3380,3531,2745,2105,1.57,11185.53,5803.8
2008,Priorat,Tarragona,0.766749088,41.165252561,499,599,619,371,408,1243,1556,1166,1357,1329,1123,1.54,3089.87,2449.64
2008,Ribera d'Ebre,Tarragona,0.567443286,41.180631047,827,1539,1556,1020,1210,3040,3546,2999,3162,2836,2386,1.54,6272.01,7134.87
2008,Ripollès,Girona,2.167213333,42.224467627,956,1547,1763,1079,1205,3605,4122,3570,3710,3525,2646,1.97,12429.6,6838.91
2008,Segarra,Lleida,1.271020203,41.665741746,723,1786,1931,1019,1050,3386,4321,2300,2547,2157,1752,1.34,6026.49,4893.55
2008,Segrià,Lleida,0.458875465,41.494156354,1397,15142,15941,9600,10131,31536,36297,22728,23214,18533,13571,1.24,68651.54,20356.01
2008,Selva,Girona,2.603018891,42.00924462,995,12747,13742,7630,8325,26392,30674,18565,19870,12417,10050,2.12,97589.33,29813.09
2008,Solsonès,Lleida,1.358748948,41.842277682,1001,1089,1142,631,695,2050,2419,1540,1724,1387,1172,1.46,5602.28,1701.57
2008,Tarragonès,Tarragona,1.376050084,41.142750135,319,19223,20567,11924,12430,40344,45202,27727,28106,17851,13645,1.89,125837.36,40834.45
2008,Terra Alta,Tarragona,0.260882637,40.910005124,743,716,784,525,661,1567,1830,1567,1714,1786,1600,1.11,3294.75,1907.28
2008,Urgell,Lleida,1.098859253,41.787239279,580,2720,2974,1713,1782,5271,6332,4058,4325,3890,2974,1.35,13211.85,4615.97
2008,Vall d'Aran,Lleida,0.71138294,42.754900684,634,710,780,521,554,1805,2148,1094,1296,598,497,2.59,6670,2965.54
2008,Vallès Occidental,Barcelona,2.113347047,41.509070517,583,74305,78718,40892,42955,147038,155993,101879,99615,66702,48248,1.36,286103.53,142293.84
2008,Vallès Oriental,Barcelona,2.221915789,41.677289414,851,33286,35241,17676,18985,65683,72155,44803,45410,28108,21799,1.35,127222.76,63758.96
2009,Alt Camp,Tarragona,1.168858284,41.262911399,538,3615,3798,2089,2250,6818,7857,5194,5611,4082,3302,1.32,13378.76,8224.43
2009,Alt Empordà,Girona,2.846670142,42.393804699,1358,10804,11508,6522,6743,21477,24337,16143,17008,12006,9932,2.25,80613.47,33144.11
2009,Alt Penedès,Barcelona,1.777332142,41.361030685,593,8950,9468,4507,4701,17224,19143,11930,12379,8808,6902,1.52,36499.85,21559.99
2009,Alt Urgell,Lleida,1.508278479,42.351403709,1447,1416,1551,973,1007,3374,3575,2641,2937,2233,1879,1.33,5717.12,4947.82
2009,Alta Ribagorça,Lleida,0.801124657,42.505378455,427,266,292,187,223,657,859,485,580,410,347,1.53,1680.32,768.69
2009,Anoia,Barcelona,1.443554697,41.59783259,866,10189,10842,5292,5520,18630,21243,13430,13823,10001,7650,1.54,52899.11,13112.38
2009,Bages,Barcelona,1.631966008,41.739169106,1299,14178,15173,8011,8248,28124,31960,22230,22606,19340,13706,1.38,56222.68,36645.93
2009,Baix Camp,Tarragona,0.975413192,41.210359353,697,16386,16933,9231,9455,30531,33617,22158,22454,15005,11630,1.57,65347.04,42822.77
2009,Baix Ebre,Tarragona,0.500058469,40.879900446,1003,5941,6505,3796,4185,11779,14884,9657,9922,8525,6876,1.45,27745.61,15516.87
2009,Baix Empordà,Girona,3.085288573,42.104398466,702,10316,10947,6074,6399,20442,22998,16051,16506,11701,9409,2.25,79022.03,30011.94
2009,Baix Llobregat,Barcelona,1.902601581,41.516171187,486,66330,70513,35353,37034,135131,143791,96179,93819,61088,47140,1.36,251539.75,141794.59
2009,Baix Penedès,Tarragona,1.486364127,41.245744816,296,8379,8757,4418,4365,15940,17940,11573,12034,7288,6464,2.18,61088.06,17721.99
2009,Barcelonès,Barcelona,2.24587666,41.452263347,145,146047,154727,96912,99838,367726,387714,292250,260906,260106,173372,1.38,759004.06,373741.84
2009,Berguedà,Barcelona,1.825611891,42.077717227,1185,2647,2910,1785,1863,5572,6412,5386,5796,5352,3898,1.37,15131,5778.42
2009,Cerdanya,Girona,1.837361267,42.397592638,547,1337,1518,781,842,3020,3483,2091,2518,1498,1259,1.98,10885.91,2567.91
2009,Conca de Barberà,Tarragona,1.228323935,41.41091586,650,1518,1670,945,996,3021,3654,2435,2650,2414,1921,1.51,6069.38,5796.98
2009,Garraf,Barcelona,1.722171016,41.28615903,185,11888,12440,6110,6253,24212,25413,17558,17797,11090,8611,1.75,58015,33520.32
2009,Garrigues,Lleida,0.924154304,41.541651668,798,1229,1363,854,990,2513,3230,2454,2691,2663,2257,1.08,6259.18,1825.62
2009,Garrotxa,Girona,2.641583767,42.21317776,735,3983,4282,2376,2615,7908,8874,6681,7279,6308,4665,1.53,19958.81,10909.88
2009,Gironès,Girona,2.761759172,41.938317975,575,15644,16539,8987,9442,30181,33800,20011,19769,13851,10001,1.21,48567.92,31083.83
2009,Maresme,Barcelona,2.294956934,41.493732172,399,34890,37623,19097,20508,69302,73889,53829,52880,35727,26500,1.71,158111.89,107413.31
2009,Montsià,Tarragona,0.480770667,40.5432439,735,5311,5568,3565,3702,11016,12861,7897,8297,6981,5847,1.45,18820.1,19346.11
2009,Noguera,Lleida,0.660407593,41.751364415,1784,2788,2971,1845,1866,5551,6770,4511,4955,4552,3817,1.14,12186.53,4504.35
2009,Osona,Barcelona,2.250544628,41.767986176,1260,12680,13710,6963,7240,23291,26008,18232,18871,14339,10376,1.27,32557.12,38130.85
2009,Pallars Jussà,Lleida,1.09247165,42.16144193,1343,872,865,539,595,1793,2082,1633,1834,1914,1553,1.33,4523.28,2192.27
2009,Pallars Sobirà,Lleida,1.317472691,42.548794993,1378,530,526,313,324,1151,1357,846,1112,719,633,1.56,2871.9,1465.58
2009,Pla d'Urgell,Lleida,1.018357494,41.679015226,305,2874,3010,1667,1848,5611,6695,3981,4338,3670,2913,1.12,8251.32,6873.64
2009,Pla de l'Estany,Girona,2.765370615,42.118105569,263,2652,2799,1376,1531,4650,4929,3505,3634,2764,2148,1.51,10302.52,6321.83
2009,Priorat,Tarragona,0.766749088,41.165252561,499,607,654,390,417,1260,1615,1186,1376,1307,1109,1.65,2916.76,3103.29
2009,Ribera d'Ebre,Tarragona,0.567443286,41.180631047,827,1592,1570,1042,1201,3050,3583,3032,3236,2866,2383,1.66,6263.85,8279.85
2009,Ripollès,Girona,2.167213333,42.224467627,956,1559,1776,1055,1178,3535,4073,3648,3792,3511,2630,1.88,11568.31,6848.82
2009,Segarra,Lleida,1.271020203,41.665741746,723,1814,2017,1057,1119,3443,4435,2338,2677,2190,1754,1.13,4708.51,4745.08
2009,Segrià,Lleida,0.458875465,41.494156354,1397,15802,16527,9692,10298,32038,37272,23457,24055,18698,13772,1.17,66632.98,19967.57
2009,Selva,Girona,2.603018891,42.00924462,995,13255,14319,7732,8494,27093,31706,19307,20655,12730,10410,1.86,87948.84,26853.99
2009,Solsonès,Lleida,1.358748948,41.842277682,1001,1114,1168,610,683,2014,2372,1581,1760,1384,1166,1.28,4956.64,1490.81
2009,Tarragonès,Tarragona,1.376050084,41.142750135,319,20119,21690,11959,12375,41481,46557,28555,28920,18314,14152,1.78,115987.47,45311.7
2009,Terra Alta,Tarragona,0.260882637,40.910005124,743,725,790,525,665,1568,1848,1548,1728,1804,1586,1.02,2331.59,2474.4
2009,Urgell,Lleida,1.098859253,41.787239279,580,2894,3085,1712,1732,5337,6328,4152,4513,3901,2981,1.28,13355.77,3758.07
2009,Vall d'Aran,Lleida,0.71138294,42.754900684,634,735,786,488,548,1814,2148,1167,1312,603,526,2.39,6153.31,2832
2009,Vallès Occidental,Barcelona,2.113347047,41.509070517,583,76833,81588,40871,42946,148515,157415,104381,102210,68287,49708,1.33,276464.13,149037.5
2009,Vallès Oriental,Barcelona,2.221915789,41.677289414,851,34342,36442,17748,19056,66336,72674,46077,46777,28935,22493,1.33,120320.11,70805.64
2010,Alt Camp,Tarragona,1.168858284,41.262911399,538,3640,3892,2121,2226,6716,7783,5305,5776,4160,3337,1.31,13626.24,7967.19
2010,Alt Empordà,Girona,2.846670142,42.393804699,1358,11165,11899,6390,6553,21497,24031,16617,17512,12224,10153,2.25,78626.92,36808.44
2010,Alt Penedès,Barcelona,1.777332142,41.361030685,593,9138,9628,4460,4544,17068,18701,12168,12688,8958,6975,1.51,35757.95,21957.18
2010,Alt Urgell,Lleida,1.508278479,42.351403709,1447,1415,1596,970,993,3334,3503,2706,2997,2245,1872,1.32,5643.26,4960.38
2010,Alta Ribagorça,Lleida,0.801124657,42.505378455,427,265,284,173,213,633,822,495,611,401,340,1.44,1550.62,698.92
2010,Anoia,Barcelona,1.443554697,41.59783259,866,10422,11123,5216,5423,18658,21009,13731,14163,10198,7834,1.48,51282.84,12554.53
2010,Bages,Barcelona,1.631966008,41.739169106,1299,14543,15557,7721,8009,28125,31404,22580,23128,19554,13877,1.38,53289.99,39773.27
2010,Baix Camp,Tarragona,0.975413192,41.210359353,697,16735,17442,9106,9211,30588,33189,22871,23040,15253,11913,1.63,63775.64,49461.01
2010,Baix Ebre,Tarragona,0.500058469,40.879900446,1003,6059,6641,3644,3967,11657,14076,9776,9982,8616,7004,1.53,25428.56,20596.72
2010,Baix Empordà,Girona,3.085288573,42.104398466,702,10491,11177,6000,6291,20255,22544,16462,16889,11929,9590,2.26,73003.81,36897.23
2010,Baix Llobregat,Barcelona,1.902601581,41.516171187,486,67685,72139,34865,36166,134198,142060,97977,95966,63231,48917,1.33,240674.84,148184.71
2010,Baix Penedès,Tarragona,1.486364127,41.245744816,296,8620,9027,4355,4310,16056,17731,11862,12345,7661,6875,2.04,57803.84,16597.88
2010,Barcelonès,Barcelona,2.24587666,41.452263347,145,148248,157310,94008,97637,364751,382122,293249,262977,262313,175718,1.35,699421.65,411321.98
2010,Berguedà,Barcelona,1.825611891,42.077717227,1185,2685,2943,1709,1821,5491,6277,5483,5883,5364,3964,1.38,14998.13,5979.99
2010,Cerdanya,Girona,1.837361267,42.397592638,547,1328,1489,744,796,2974,3381,2191,2613,1523,1251,1.99,10502.65,2995.68
2010,Conca de Barberà,Tarragona,1.228323935,41.41091586,650,1573,1701,909,955,2992,3548,2466,2722,2422,1914,1.44,5942.49,5301.27
2010,Garraf,Barcelona,1.722171016,41.28615903,185,12066,12729,6003,6151,24122,25133,18042,18513,11386,8882,1.77,56072,37149.11
2010,Garrigues,Lleida,0.924154304,41.541651668,798,1214,1387,841,962,2491,3197,2469,2733,2650,2253,1.07,6166.55,1801.82
2010,Garrotxa,Girona,2.641583767,42.21317776,735,4074,4385,2357,2621,7870,8642,6830,7438,6316,4666,1.49,19470.61,10691.66
2010,Gironès,Girona,2.761759172,41.938317975,575,16147,17165,8817,9095,30361,33113,20523,20419,14065,10178,1.2,48147.19,31028.14
2010,Maresme,Barcelona,2.294956934,41.493732172,399,35684,38426,18777,20167,69064,73362,55120,54206,36790,27535,1.71,150659.3,118950.99
2010,Montsià,Tarragona,0.480770667,40.5432439,735,5438,5711,3421,3463,10979,12730,8100,8549,7069,5885,1.34,16794.74,18503.17
2010,Noguera,Lleida,0.660407593,41.751364415,1784,2874,3036,1791,1859,5465,6689,4588,5082,4557,3780,1.13,11990.25,4632.97
2010,Osona,Barcelona,2.250544628,41.767986176,1260,12953,14069,6881,7097,23221,25509,18625,19435,14561,10566,1.24,31188.21,38270.77
2010,Pallars Jussà,Lleida,1.09247165,42.16144193,1343,907,895,545,582,1804,2071,1666,1869,1900,1541,1.29,4307.24,2252.91
2010,Pallars Sobirà,Lleida,1.317472691,42.548794993,1378,548,539,314,294,1113,1351,873,1134,719,652,1.51,3010.26,1205.59
2010,Pla d'Urgell,Lleida,1.018357494,41.679015226,305,2919,3123,1685,1811,5607,6766,4066,4422,3694,2915,1.07,8102.63,6435.86
2010,Pla de l'Estany,Girona,2.765370615,42.118105569,263,2728,2886,1392,1531,4674,4942,3603,3764,2819,2178,1.44,9710.84,6442.07
2010,Priorat,Tarragona,0.766749088,41.165252561,499,611,700,383,390,1251,1622,1223,1382,1305,1122,1.38,2571.02,2550.41
2010,Ribera d'Ebre,Tarragona,0.567443286,41.180631047,827,1603,1595,1019,1160,3020,3562,3074,3332,2881,2366,1.37,5575.29,6428.94
2010,Ripollès,Girona,2.167213333,42.224467627,956,1561,1802,1010,1106,3455,3957,3641,3821,3544,2627,1.74,10463.93,6437.17
2010,Segarra,Lleida,1.271020203,41.665741746,723,1832,2072,1085,1104,3417,4308,2399,2740,2189,1765,1.2,4788.47,5252.79
2010,Segrià,Lleida,0.458875465,41.494156354,1397,16217,17026,9704,10079,31996,37089,24158,24838,18975,13984,1.14,65418.99,20061.54
2010,Selva,Girona,2.603018891,42.00924462,995,13631,14676,7707,8359,27215,31364,19988,21340,13071,10785,1.86,84663.2,31656.65
2010,Solsonès,Lleida,1.358748948,41.842277682,1001,1130,1188,589,638,1972,2287,1587,1802,1400,1167,1.35,4873.47,1901.55
2010,Tarragonès,Tarragona,1.376050084,41.142750135,319,20692,22280,11676,12104,41394,46092,29311,29802,18896,14509,1.69,106754.84,47478.8
2010,Terra Alta,Tarragona,0.260882637,40.910005124,743,731,815,486,623,1543,1850,1562,1751,1798,1582,0.95,2048.31,2446
2010,Urgell,Lleida,1.098859253,41.787239279,580,2925,3162,1678,1735,5352,6368,4270,4596,3914,3025,1.26,12117.01,4998.72
2010,Vall d'Aran,Lleida,0.71138294,42.754900684,634,735,796,475,523,1811,2084,1185,1322,610,522,2.52,6248.89,3153.12
2010,Vallès Occidental,Barcelona,2.113347047,41.509070517,583,78497,83587,40343,42263,148101,156103,107316,104972,70035,51107,1.3,265847.38,153346.39
2010,Vallès Oriental,Barcelona,2.221915789,41.677289414,851,35044,37564,17617,18401,65892,71462,47408,48183,29730,23217,1.37,122971.58,75944.77
2011,Alt Camp,Tarragona,1.168858284,41.262911399,538,3646,3960,2049,2148,6611,7591,5399,5878,4246,3395,1.23,11603.78,8647.79
2011,Alt Empordà,Girona,2.846670142,42.393804699,1358,11358,12087,6176,6422,21362,23608,16914,17794,12358,10272,2.29,77952.25,39319.5
2011,Alt Penedès,Barcelona,1.777332142,41.361030685,593,9435,9967,4356,4474,17006,18508,12378,13061,9153,7135,1.4,34005.16,20120.4
2011,Alt Urgell,Lleida,1.508278479,42.351403709,1447,1456,1603,945,975,3297,3438,2757,3040,2271,1883,1.22,5059.55,4701.16
2011,Alta Ribagorça,Lleida,0.801124657,42.505378455,427,260,298,157,202,634,833,511,601,409,339,1.39,1465.07,709.16
2011,Anoia,Barcelona,1.443554697,41.59783259,866,10541,11328,5158,5350,18412,20514,13985,14455,10449,8106,1.47,51309.27,12408.99
2011,Bages,Barcelona,1.631966008,41.739169106,1299,14873,15965,7495,7834,27866,30806,22900,23597,19863,14090,1.22,48829.58,33946.78
2011,Baix Camp,Tarragona,0.975413192,41.210359353,697,17061,17939,9015,8922,30580,32731,23392,23534,15597,12278,1.58,62071.4,48469.78
2011,Baix Ebre,Tarragona,0.500058469,40.879900446,1003,6176,6815,3577,3809,11619,13884,9923,10218,8745,7110,1.54,24589.47,21968.14
2011,Baix Empordà,Girona,3.085288573,42.104398466,702,10632,11277,5864,6114,20027,21957,16760,17241,12176,9780,2.15,70902.84,33474.06
2011,Baix Llobregat,Barcelona,1.902601581,41.516171187,486,69221,73622,33929,35612,133181,139957,99730,97753,65671,50795,1.29,234454.3,143107.15
2011,Baix Penedès,Tarragona,1.486364127,41.245744816,296,8824,9287,4252,4290,16006,17570,12082,12663,8108,7208,1.95,55845.86,15994.64
2011,Barcelonès,Barcelona,2.24587666,41.452263347,146,150346,160029,92330,95821,360738,376147,294264,264302,265784,178885,1.3,687322.8,378690.42
2011,Berguedà,Barcelona,1.825611891,42.077717227,1185,2698,2919,1653,1808,5410,6089,5553,5971,5364,3996,1.32,14504.75,5573.97
2011,Cerdanya,Girona,1.837361267,42.397592638,547,1367,1511,695,781,2979,3371,2310,2745,1543,1284,1.89,9981.98,2955.07
2011,Conca de Barberà,Tarragona,1.228323935,41.41091586,650,1574,1710,881,928,2973,3465,2485,2808,2413,1913,1.43,5737.68,5405.31
2011,Garraf,Barcelona,1.722171016,41.28615903,185,12253,13014,5917,6023,24008,24834,18578,19205,11721,9232,1.63,55393,31852.03
2011,Garrigues,Lleida,0.924154304,41.541651668,798,1216,1432,804,921,2470,3136,2449,2770,2661,2277,1.03,5922.95,1679.17
2011,Garrotxa,Girona,2.641583767,42.21317776,735,4130,4438,2353,2632,7804,8397,6949,7605,6374,4694,1.46,18398.41,11248.49
2011,Gironès,Girona,2.761759172,41.938317975,576,16611,17624,8682,9119,30394,32551,21127,21009,14338,10406,1.16,47152.82,30114.27
2011,Maresme,Barcelona,2.294956934,41.493732172,399,36312,39230,18370,19753,68515,72553,56257,55322,37896,28693,1.62,144037.38,112834.88
2011,Montsià,Tarragona,0.480770667,40.5432439,735,5428,5807,3249,3278,10920,12551,8251,8672,7222,5955,1.35,16066.05,19624.63
2011,Noguera,Lleida,0.660407593,41.751364415,1784,2914,3107,1726,1816,5414,6663,4685,5235,4564,3788,1.12,12084.85,4384.56
2011,Osona,Barcelona,2.250544628,41.767986176,1260,13207,14303,6827,7011,22991,24992,19014,19877,14792,10765,1.18,29050.42,37420.7
2011,Pallars Jussà,Lleida,1.09247165,42.16144193,1343,918,918,547,656,1839,2323,1703,1910,1900,1529,1.39,4224.12,3093.45
2011,Pallars Sobirà,Lleida,1.317472691,42.548794993,1378,516,540,329,294,1075,1293,890,1127,728,656,1.56,2850.35,1436.97
2011,Pla d'Urgell,Lleida,1.018357494,41.679015226,305,3024,3183,1627,1741,5543,6518,4128,4563,3732,2924,1.11,8074.64,7064.95
2011,Pla de l'Estany,Girona,2.765370615,42.118105569,263,2824,3007,1410,1540,4674,4892,3715,3923,2869,2235,1.37,9564.41,6063.45
2011,Priorat,Tarragona,0.766749088,41.165252561,499,598,728,385,375,1223,1596,1219,1413,1314,1122,1.29,2429.73,2329.14
2011,Ribera d'Ebre,Tarragona,0.567443286,41.180631047,827,1581,1577,1017,1120,2942,3478,3089,3333,2885,2363,1.24,5595.93,5222.89
2011,Ripollès,Girona,2.167213333,42.224467627,957,1591,1836,981,1053,3390,3858,3658,3842,3537,2614,1.57,9107.57,6058.33
2011,Segarra,Lleida,1.271020203,41.665741746,723,1908,2128,1087,1080,3449,4277,2462,2837,2200,1753,1.07,4455.38,4602.34
2011,Segrià,Lleida,0.458875465,41.494156354,1397,16580,17414,9634,9841,31957,36896,24861,25563,19227,14272,1.16,64737.68,22831.26
2011,Selva,Girona,2.603018891,42.00924462,995,13919,14981,7553,8228,27038,30866,20591,21941,13509,11214,1.85,80863.85,35393.39
2011,Solsonès,Lleida,1.358748948,41.842277682,1001,1147,1200,589,622,1964,2200,1629,1846,1417,1174,1.28,4258.23,2194.11
2011,Tarragonès,Tarragona,1.376050084,41.142750135,319,21170,22728,11484,11891,41055,45259,29897,30430,19439,14998,1.62,97731.21,49994.13
2011,Terra Alta,Tarragona,0.260882637,40.910005124,743,743,812,469,588,1500,1846,1572,1755,1796,1569,0.96,1967.26,2517.17
2011,Urgell,Lleida,1.098859253,41.787239279,580,2995,3218,1600,1724,5323,6281,4335,4734,3941,3042,1.18,10693,5415.38
2011,Vall d'Aran,Lleida,0.71138294,42.754900684,634,724,829,471,509,1802,2059,1215,1374,619,534,2.33,5725.09,2938.82
2011,Vallès Occidental,Barcelona,2.113347047,41.509070517,583,79930,85247,39511,41555,147355,154257,109666,107267,72180,52956,1.2,245152.31,146947.18
2011,Vallès Oriental,Barcelona,2.221915789,41.677289414,851,35718,38339,17227,18135,65446,70504,48678,49501,30691,24142,1.34,120891.73,74269.91
2012,Alt Camp,Tarragona,1.168858284,41.262911399,538,3730,4030,2036,2066,6524,7425,5509,5981,4254,3455,1.19,11377.7,8252.44
2012,Alt Empordà,Girona,2.846670142,42.393804699,1358,11552,12238,6057,6338,21177,22969,17198,18160,12605,10573,2.22,73716.5,40846.17
2012,Alt Penedès,Barcelona,1.777332142,41.361030685,593,9654,10176,4282,4436,16689,17928,12689,13331,9324,7267,1.36,31559.28,21045.42
2012,Alt Urgell,Lleida,1.508278479,42.351403709,1448,1459,1570,886,952,3131,3197,2773,3015,2241,1886,1.22,5138.06,4399.54
2012,Alta Ribagorça,Lleida,0.801124657,42.505378455,427,267,314,155,183,619,772,503,588,419,346,1.24,1287.32,633.12
2012,Anoia,Barcelona,1.443554697,41.59783259,866,10689,11554,5048,5185,18099,20097,14298,14706,10599,8220,1.42,48329.4,13171.14
2012,Bages,Barcelona,1.631966008,41.739169106,1299,15024,16226,7422,7676,27522,29931,23171,24096,20093,14255,1.17,47587.31,31987.59
2012,Baix Camp,Tarragona,0.975413192,41.210359353,697,17299,18347,8788,8828,30330,31931,23866,24122,16017,12590,1.37,59493.33,37282.14
2012,Baix Ebre,Tarragona,0.500058469,40.879900446,1003,6120,6828,3495,3719,11429,13440,10026,10277,8889,7263,1.46,24040.85,20217.67
2012,Baix Empordà,Girona,3.085288573,42.104398466,702,10680,11521,5838,6017,19683,21179,17096,17662,12432,10084,2.11,68066.49,34796.79
2012,Baix Llobregat,Barcelona,1.902601581,41.516171187,486,70174,74625,33383,34997,130800,136055,101824,99645,67773,52383,1.2,222319.81,132234.04
2012,Baix Penedès,Tarragona,1.486364127,41.245744816,297,8854,9470,4129,4311,15718,16986,12252,12966,8432,7448,1.75,48930.47,15710.95
2012,Barcelonès,Barcelona,2.24587666,41.452263347,146,152236,161895,91167,94794,356801,367493,296659,266840,268546,181228,1.21,653884.96,337662.04
2012,Berguedà,Barcelona,1.825611891,42.077717227,1185,2709,2930,1615,1728,5296,5837,5599,6040,5361,3997,1.27,13971.58,5178.97
2012,Cerdanya,Girona,1.837361267,42.397592638,547,1368,1529,680,761,2952,3349,2419,2852,1591,1339,1.72,9355.62,2578.01
2012,Conca de Barberà,Tarragona,1.228323935,41.41091586,650,1578,1699,848,923,2914,3359,2537,2859,2408,1895,1.39,5489.67,5257.65
2012,Garraf,Barcelona,1.722171016,41.28615903,185,12512,13085,5770,5943,23434,23889,19155,19720,12091,9553,1.54,53131.94,29530.35
2012,Garrigues,Lleida,0.924154304,41.541651668,798,1233,1443,783,891,2442,3046,2465,2836,2658,2273,0.99,5775.03,1516.64
2012,Garrotxa,Girona,2.641583767,42.21317776,735,4205,4525,2340,2591,7671,8121,7142,7724,6342,4725,1.34,17302.74,9928.86
2012,Gironès,Girona,2.761759172,41.938317975,576,16804,17879,8527,9026,30089,31547,21594,21470,14556,10550,1.1,45098.75,28916.62
2012,Maresme,Barcelona,2.294956934,41.493732172,399,36856,39785,18026,19361,67360,70645,57442,56270,38907,29583,1.5,136502.51,102720.11
2012,Montsià,Tarragona,0.480770667,40.5432439,735,5409,5878,3144,3140,10784,12346,8331,8763,7306,6057,1.23,15472.02,17016.74
2012,Noguera,Lleida,0.660407593,41.751364415,1784,2959,3149,1688,1788,5379,6460,4731,5347,4572,3788,1.06,11386.6,4167.7
2012,Osona,Barcelona,2.250544628,41.767986176,1260,13486,14505,6785,6982,22570,24249,19440,20203,14899,10923,1.15,26947.8,38119.88
2012,Pallars Jussà,Lleida,1.09247165,42.16144193,1343,900,905,530,626,1775,2244,1703,1951,1876,1498,1.25,4058.38,2377.12
2012,Pallars Sobirà,Lleida,1.317472691,42.548794993,1378,513,524,304,265,1044,1247,931,1140,714,665,1.5,2709.11,1384.77
2012,Pla d'Urgell,Lleida,1.018357494,41.679015226,305,3031,3202,1603,1685,5472,6384,4238,4720,3744,2923,1.06,7807.37,6618.01
2012,Pla de l'Estany,Girona,2.765370615,42.118105569,263,2878,3014,1370,1527,4605,4800,3824,4039,2921,2279,1.28,9081.65,5607.07
2012,Priorat,Tarragona,0.766749088,41.165252561,499,615,716,383,388,1180,1547,1224,1422,1292,1124,1.25,2240.89,2321.35
2012,Ribera d'Ebre,Tarragona,0.567443286,41.180631047,827,1550,1582,999,1059,2915,3443,3129,3349,2895,2386,1.29,5357.19,5860.27
2012,Ripollès,Girona,2.167213333,42.224467627,957,1630,1838,954,1021,3307,3739,3646,3850,3568,2625,1.5,8225.71,6198
2012,Segarra,Lleida,1.271020203,41.665741746,723,1983,2152,1043,1116,3424,4095,2515,2943,2188,1741,1.01,3953.23,4684.17
2012,Segrià,Lleida,0.458875465,41.494156354,1397,16777,17635,9416,9714,31699,36112,25362,26193,19517,14489,1.1,62807.05,21133.31
2012,Selva,Girona,2.603018891,42.00924462,995,14099,15147,7428,8175,26598,29852,21073,22607,13966,11485,1.72,74984.29,34053.43
2012,Solsonès,Lleida,1.358748948,41.842277682,1001,1135,1179,581,609,1907,2119,1659,1875,1430,1157,1.27,4010.12,2316.52
2012,Tarragonès,Tarragona,1.376050084,41.142750135,319,21424,22979,11318,11657,40756,44285,30700,31096,19936,15451,1.6,94815.68,52128.32
2012,Terra Alta,Tarragona,0.260882637,40.910005124,743,733,817,461,550,1430,1841,1568,1742,1792,1577,0.97,1819.59,2686.41
2012,Urgell,Lleida,1.098859253,41.787239279,580,2992,3200,1522,1666,5155,5973,4383,4825,3922,3059,1.16,10174.19,5504.99
2012,Vall d'Aran,Lleida,0.71138294,42.754900684,634,729,818,436,475,1760,1938,1248,1403,631,553,2.26,5453,2833.15
2012,Vallès Occidental,Barcelona,2.113347047,41.509070517,583,81372,86548,38981,41017,145536,150781,112336,109970,73890,54382,1.11,227910.98,134853.81
2012,Vallès Oriental,Barcelona,2.221915789,41.677289414,851,36313,39097,16921,18133,64706,68464,50035,50990,31607,24895,1.26,113774.94,71654.91
2013,Alt Camp,Tarragona,1.168858284,41.262911399,538,3692,4049,1966,2005,6290,7202,5673,6047,4292,3459,1.16,10684.61,8218.02
2013,Alt Empordà,Girona,2.846670142,42.393804699,1358,11722,12287,5955,6316,20809,22251,17398,18266,12868,10779,2.1,69852.33,38348.69
2013,Alt Penedès,Barcelona,1.777332142,41.361030685,593,9709,10312,4268,4313,16357,17320,13016,13607,9469,7450,1.3,30101.62,20288.39
2013,Alt Urgell,Lleida,1.508278479,42.351403709,1448,1476,1559,869,942,3052,3098,2816,3052,2265,1892,1.19,4925.09,4245.77
2013,Alta Ribagorça,Lleida,0.801124657,42.505378455,427,265,298,146,174,585,701,508,603,429,338,1.22,1238.94,584.77
2013,Anoia,Barcelona,1.443554697,41.59783259,866,10662,11542,5016,5124,17693,19393,14490,14974,10756,8362,1.39,48142.31,11932.12
2013,Bages,Barcelona,1.631966008,41.739169106,1299,15069,16194,7294,7605,26860,28760,23491,24366,20203,14445,1.17,47603.83,31764.06
2013,Baix Camp,Tarragona,0.975413192,41.210359353,697,17295,18296,8610,8626,29772,30863,24247,24477,16343,12918,1.42,58560.36,41793.38
2013,Baix Ebre,Tarragona,0.500058469,40.879900446,1003,6067,6805,3389,3619,11149,12799,10044,10297,8957,7355,1.45,23305.44,19732.08
2013,Baix Empordà,Girona,3.085288573,42.104398466,702,10689,11525,5751,5916,19307,20549,17342,17919,12600,10225,2.07,65902.89,35267.62
2013,Baix Llobregat,Barcelona,1.902601581,41.516171187,486,70558,74894,32699,34524,127823,131081,103590,101414,69840,54126,1.19,223055.99,127822.17
2013,Baix Penedès,Tarragona,1.486364127,41.245744816,297,8878,9477,4066,4238,15321,16362,12493,13056,8698,7743,1.63,46071.4,14158.2
2013,Barcelonès,Barcelona,2.24587666,41.452263347,146,152557,161949,88467,92067,349145,354178,297304,267156,270382,183204,1.17,643874.4,309844.79
2013,Berguedà,Barcelona,1.825611891,42.077717227,1185,2704,2931,1508,1675,5153,5557,5595,6000,5343,4020,1.23,13456.94,4799.32
2013,Cerdanya,Girona,1.837361267,42.397592638,547,1377,1502,652,741,2863,3204,2323,2806,1612,1353,1.69,9066.35,2439.81
2013,Conca de Barberà,Tarragona,1.228323935,41.41091586,650,1586,1697,832,901,2835,3215,2543,2903,2409,1900,1.35,5292.47,5083.53
2013,Garraf,Barcelona,1.722171016,41.28615903,185,12517,13145,5685,5898,22682,22778,19652,20178,12340,9811,1.6,51935,33430.56
2013,Garrigues,Lleida,0.924154304,41.541651668,798,1262,1444,765,838,2375,2959,2444,2860,2681,2270,0.98,5511.82,1636.32
2013,Garrotxa,Girona,2.641583767,42.21317776,735,4254,4574,2344,2561,7583,7928,7217,7752,6349,4767,1.32,16180,10770.55
2013,Gironès,Girona,2.761759172,41.938317975,576,16946,18125,8435,9030,29755,30627,21990,21926,14790,10761,1.05,43159.85,27742.48
2013,Maresme,Barcelona,2.294956934,41.493732172,399,36863,39774,17715,19242,65715,68075,58405,57176,40036,30560,1.43,132814.94,95115.11
2013,Montsià,Tarragona,0.480770667,40.5432439,735,5380,5905,3006,3038,10472,11778,8476,8915,7362,6125,1.26,16341.61,16642.56
2013,Noguera,Lleida,0.660407593,41.751364415,1784,2922,3156,1676,1758,5258,6258,4773,5409,4589,3758,1.05,11206.78,4088.12
2013,Osona,Barcelona,2.250544628,41.767986176,1260,13550,14564,6742,6922,22025,23488,19810,20508,15044,11071,1.1,26166.73,36363.41
2013,Pallars Jussà,Lleida,1.09247165,42.16144193,1343,912,897,513,570,1696,1945,1693,1980,1851,1454,1.23,4008.32,2095.21
2013,Pallars Sobirà,Lleida,1.317472691,42.548794993,1378,513,523,295,251,1011,1200,947,1161,730,649,1.46,2653.11,1250.86
2013,Pla d'Urgell,Lleida,1.018357494,41.679015226,305,3094,3214,1531,1621,5325,6184,4332,4811,3790,2942,1.05,7865.83,6434.35
2013,Pla de l'Estany,Girona,2.765370615,42.118105569,263,2901,3030,1361,1569,4547,4731,3941,4091,2949,2333,1.25,9020.1,5237.61
2013,Priorat,Tarragona,0.766749088,41.165252561,499,601,684,365,381,1145,1490,1226,1425,1267,1126,1.1,2056.75,1845.03
2013,Ribera d'Ebre,Tarragona,0.567443286,41.180631047,827,1536,1573,962,1006,2798,3311,3180,3332,2891,2401,1.17,5239.32,4778.54
2013,Ripollès,Girona,2.167213333,42.224467627,957,1636,1843,929,1011,3203,3600,3666,3871,3540,2646,1.45,8050.48,5701.76
2013,Segarra,Lleida,1.271020203,41.665741746,723,1955,2128,1033,1112,3360,3907,2559,3030,2168,1758,1,3847.39,4503.73
2013,Segrià,Lleida,0.458875465,41.494156354,1397,16893,17678,9181,9631,31281,35186,25807,26859,19768,14734,1.05,61509.61,19041.96
2013,Selva,Girona,2.603018891,42.00924462,995,14002,15051,7372,7953,25861,28705,21572,23115,14324,11750,1.63,71288.09,31809.78
2013,Solsonès,Lleida,1.358748948,41.842277682,1001,1113,1161,580,611,1863,2041,1694,1889,1429,1175,1.18,3677.22,2198.97
2013,Tarragonès,Tarragona,1.376050084,41.142750135,319,21527,22959,10990,11380,39929,42943,31234,31591,20529,16008,1.56,92808.33,50138.04
2013,Terra Alta,Tarragona,0.260882637,40.910005124,743,723,795,400,529,1441,1772,1548,1722,1796,1587,0.89,1827,2189.35
2013,Urgell,Lleida,1.098859253,41.787239279,580,3037,3191,1488,1640,5103,5758,4442,4963,3925,3034,1.13,9842.04,5361.56
2013,Vall d'Aran,Lleida,0.71138294,42.754900684,634,721,827,441,433,1721,1913,1290,1431,632,567,2.08,5396.34,2275.01
2013,Vallès Occidental,Barcelona,2.113347047,41.509070517,583,81834,86736,38462,40623,142284,145847,114833,112273,75675,55948,1.06,221498.19,127347.89
2013,Vallès Oriental,Barcelona,2.221915789,41.677289414,851,36442,39201,16732,18002,63050,65980,51305,51974,32497,25781,1.26,111781.92,73626.4
2014,Alt Camp,Tarragona,1.168858284,41.262911399,538,3728,4008,1931,1960,6231,6950,5659,6117,4373,3499,1.24,11189.4,8950.32
2014,Alt Empordà,Girona,2.846670142,42.393804699,1358,11714,12335,5881,6201,20294,21543,17497,18206,13067,10995,2.2,69686,42811.8
2014,Alt Penedès,Barcelona,1.777332142,41.361030685,593,9757,10245,4216,4309,15847,16634,13197,13824,9673,7668,1.3,29962.68,20554.3
2014,Alt Urgell,Lleida,1.508278479,42.351403709,1448,1442,1546,861,908,2960,2994,2844,3033,2290,1915,1.24,5146.17,4296.04
2014,Alta Ribagorça,Lleida,0.801124657,42.505378455,427,263,283,138,172,563,656,504,601,411,341,1.37,1296.59,642.15
2014,Anoia,Barcelona,1.443554697,41.59783259,866,10641,11447,4878,5048,17240,18658,14590,15175,11078,8645,1.47,48790.05,14490.95
2014,Bages,Barcelona,1.631966008,41.739169106,1299,15015,16065,7221,7598,26187,27540,23583,24583,20456,14758,1.19,47608.84,32770.18
2014,Baix Camp,Tarragona,0.975413192,41.210359353,697,17193,18103,8405,8493,28891,29458,24513,24649,16724,13328,1.42,58393.16,40126.34
2014,Baix Ebre,Tarragona,0.500058469,40.879900446,1003,5953,6662,3307,3581,10864,12341,10093,10281,9136,7524,1.4,23795.38,17456.41
2014,Baix Empordà,Girona,3.085288573,42.104398466,702,10626,11493,5664,5781,18811,19788,17462,18070,12919,10524,2.15,66369.11,37754.92
2014,Baix Llobregat,Barcelona,1.902601581,41.516171187,486,70477,74745,32384,34132,124258,126213,104879,102778,72370,56161,1.2,225063.15,128646.04
2014,Baix Penedès,Tarragona,1.486364127,41.245744816,297,8723,9358,3980,4152,14819,15648,12543,13101,9065,8046,1.7,46425.97,15672.57
2014,Barcelonès,Barcelona,2.24587666,41.452263347,146,152279,161550,85944,89918,340669,342481,296468,267389,273891,185866,1.19,648366.43,315421.96
2014,Berguedà,Barcelona,1.825611891,42.077717227,1185,2658,2885,1443,1598,5010,5301,5563,5936,5329,4029,1.27,13732.76,4899.51
2014,Cerdanya,Girona,1.837361267,42.397592638,547,1359,1438,637,735,2740,3052,2294,2768,1644,1389,1.82,9579.14,2394.25
2014,Conca de Barberà,Tarragona,1.228323935,41.41091586,650,1567,1682,804,863,2742,3112,2578,2912,2400,1929,1.4,5293.38,5321.73
2014,Garraf,Barcelona,1.722171016,41.28615903,185,12417,13004,5702,5948,21902,21847,20077,20460,12718,10107,1.58,53579,30629.62
2014,Garrigues,Lleida,0.924154304,41.541651668,798,1241,1412,717,792,2340,2868,2411,2836,2687,2276,0.99,5520.4,1591.71
2014,Garrotxa,Girona,2.641583767,42.21317776,735,4286,4631,2305,2553,7485,7740,7284,7787,6391,4836,1.35,16430.98,11181.73
2014,Gironès,Girona,2.761759172,41.938317975,576,17057,18144,8348,9053,29093,29594,22395,22304,15053,11146,1.09,40903.47,32938.63
2014,Maresme,Barcelona,2.294956934,41.493732172,399,36858,39503,17548,19170,63991,65863,59098,57897,41314,31737,1.46,134615.93,99411.51
2014,Montsià,Tarragona,0.480770667,40.5432439,735,5212,5785,2860,2882,10081,11018,8603,9006,7430,6189,1.27,15943.83,16216.46
2014,Noguera,Lleida,0.660407593,41.751364415,1784,2893,3115,1629,1696,5116,5988,4814,5455,4631,3738,1.12,11783.57,4291.99
2014,Osona,Barcelona,2.250544628,41.767986176,1260,13368,14453,6643,6940,21537,22696,20020,20716,15272,11228,1.13,25899.96,38019.53
2014,Pallars Jussà,Lleida,1.09247165,42.16144193,1343,881,887,501,537,1618,1844,1675,1975,1856,1462,1.26,4039.28,2159.95
2014,Pallars Sobirà,Lleida,1.317472691,42.548794993,1378,507,512,274,258,959,1130,967,1173,735,644,1.52,2811.81,1205.17
2014,Pla d'Urgell,Lleida,1.018357494,41.679015226,305,3102,3239,1479,1597,5158,5945,4378,4880,3810,2956,1.08,8005.57,6579.18
2014,Pla de l'Estany,Girona,2.765370615,42.118105569,263,2876,3023,1372,1573,4441,4604,3990,4087,2973,2392,1.28,9259.13,5474.95
2014,Priorat,Tarragona,0.766749088,41.165252561,499,604,672,352,353,1108,1413,1215,1408,1257,1141,1.18,2076.92,2021.12
2014,Ribera d'Ebre,Tarragona,0.567443286,41.180631047,827,1499,1568,922,982,2742,3196,3117,3313,2927,2396,1.2,5395.33,4653.08
2014,Ripollès,Girona,2.167213333,42.224467627,957,1629,1803,939,996,3100,3455,3623,3846,3554,2673,1.49,8059.15,5929.91
2014,Segarra,Lleida,1.271020203,41.665741746,723,1947,2105,1035,1084,3237,3674,2606,3094,2177,1775,1.03,4098.16,4448.81
2014,Segrià,Lleida,0.458875465,41.494156354,1397,16754,17695,8944,9434,30556,33881,26129,27376,20136,14984,1.09,63502.94,20264.08
2014,Selva,Girona,2.603018891,42.00924462,995,13881,14857,7193,7801,25172,27569,21837,23334,14820,12272,1.7,72620.55,32865.53
2014,Solsonès,Lleida,1.358748948,41.842277682,1001,1116,1155,541,563,1806,2007,1704,1874,1458,1191,1.26,3985.48,2234.22
2014,Tarragonès,Tarragona,1.376050084,41.142750135,319,21541,23073,10622,11155,39388,41570,31662,32165,21117,16488,1.6,96892.62,49266.36
2014,Terra Alta,Tarragona,0.260882637,40.910005124,743,709,773,403,497,1368,1682,1527,1672,1798,1593,0.85,1796.75,1979.67
2014,Urgell,Lleida,1.098859253,41.787239279,580,3006,3190,1504,1567,4964,5480,4489,4996,3937,3056,1.17,10018.83,5536.41
2014,Vall d'Aran,Lleida,0.71138294,42.754900684,634,729,815,425,423,1672,1822,1311,1451,665,586,2.13,5161.58,2624.76
2014,Vallès Occidental,Barcelona,2.113347047,41.509070517,583,81538,86614,38277,40232,138868,141076,116367,113695,78076,58066,1.07,223980.91,128607.89
2014,Vallès Oriental,Barcelona,2.221915789,41.677289414,851,36322,39001,16641,18038,61360,63477,52186,52844,33631,26871,1.24,113768.48,69389.4
2015,Alt Camp,Tarragona,1.168858284,41.262911399,538,3676,3912,1917,1955,6106,6704,5708,6207,4401,3577,1.24,11421.75,8610.33
2015,Alt Empordà,Girona,2.846670142,42.393804699,1358,11740,12384,5852,6157,19862,21048,17662,18417,13208,11064,2.18,70598.56,40568.61
2015,Alt Penedès,Barcelona,1.777332142,41.361030685,593,9644,10227,4266,4339,15337,16138,13485,14104,9892,7856,1.36,30354.95,22179.82
2015,Alt Urgell,Lleida,1.508278479,42.351403709,1448,1440,1546,827,895,2870,2933,2869,3014,2311,1925,1.26,4982.73,4501.75
2015,Alta Ribagorça,Lleida,0.801124657,42.505378455,427,261,286,135,156,551,625,507,619,427,346,1.35,1186.46,727.69
2015,Anoia,Barcelona,1.443554697,41.59783259,866,10594,11390,4842,5049,16771,18014,14804,15441,11278,8837,1.48,44248.74,19124.63
2015,Bages,Barcelona,1.631966008,41.739169106,1092,15120,16033,7103,7679,25559,26588,23873,24860,20609,15025,1.19,43862.71,31776.5
2015,Baix Camp,Tarragona,0.975413192,41.210359353,697,17055,17956,8232,8345,27931,28101,24812,24750,17092,13680,1.4,58926.54,37297.53
2015,Baix Ebre,Tarragona,0.500058469,40.879900446,1003,5902,6551,3238,3535,10470,11804,10081,10382,9258,7575,1.41,24417.61,16566.58
2015,Baix Empordà,Girona,3.085288573,42.104398466,702,10581,11401,5565,5828,18417,19098,17651,18193,13045,10693,2.13,64268.7,38820.37
2015,Baix Llobregat,Barcelona,1.902601581,41.516171187,486,70729,75035,32325,34318,121435,122382,106658,104661,74501,57933,1.21,229080.45,128538.77
2015,Baix Penedès,Tarragona,1.486364127,41.245744816,297,8619,9339,3981,4109,14365,15091,12678,13200,9322,8310,1.74,46576.66,16923.7
2015,Barcelonès,Barcelona,2.24587666,41.452263347,146,153048,161985,85433,89475,335629,335690,297745,269431,276419,188184,1.2,653366.69,321852.06
2015,Berguedà,Barcelona,1.825611891,42.077717227,1185,2611,2840,1417,1568,4873,5163,5590,5843,5326,4063,1.38,13920.53,6019.17
2015,Cerdanya,Girona,1.837361267,42.397592638,547,1362,1434,647,747,2639,2896,2331,2756,1642,1407,1.88,9478.08,2755.61
2015,Conca de Barberà,Tarragona,1.228323935,41.41091586,650,1562,1661,781,857,2645,3021,2637,2940,2415,1934,1.4,5273.37,5172.97
2015,Garraf,Barcelona,1.722171016,41.28615903,185,12375,12964,5680,5976,21201,21122,20390,20761,13144,10450,1.61,54331,31414.79
2015,Garrigues,Lleida,0.924154304,41.541651668,798,1247,1379,693,769,2281,2757,2393,2817,2677,2264,1,5429.07,1632.97
2015,Garrotxa,Girona,2.641583767,42.21317776,735,4285,4650,2303,2548,7403,7615,7368,7807,6456,4880,1.37,16332.54,11605.62
2015,Gironès,Girona,2.761759172,41.938317975,576,17137,18279,8271,9063,28624,28795,22904,22787,15273,11402,1.13,41983.96,34211.53
2015,Maresme,Barcelona,2.294956934,41.493732172,399,37078,39695,17528,19201,62756,64383,60144,58872,42469,32786,1.45,131961.67,101441.7
2015,Moianès,Barcelona,1.9918776,41.789382427,338,,,,,,,,,,,1.52,3547,3726.49
2015,Montsià,Tarragona,0.480770667,40.5432439,735,5153,5705,2786,2799,9673,10456,8678,9054,7463,6202,1.32,15973.77,16955.9
2015,Noguera,Lleida,0.660407593,41.751364415,1784,2902,3112,1584,1673,4997,5854,4852,5504,4607,3753,1.09,11453.34,4144.3
2015,Osona,Barcelona,2.250544628,41.767986176,1245,13337,14454,6609,6994,21306,22366,20280,21041,15526,11483,1.14,25591.77,38958.12
2015,Pallars Jussà,Lleida,1.09247165,42.16144193,1343,890,894,524,580,1606,1930,1672,1995,1854,1466,1.29,4270.53,2134.74
2015,Pallars Sobirà,Lleida,1.317472691,42.548794993,1378,493,496,267,259,921,1046,981,1174,729,634,1.57,1966.62,2078.06
2015,Pla d'Urgell,Lleida,1.018357494,41.679015226,305,3108,3264,1514,1579,5042,5788,4464,5006,3842,2966,1.08,7712.37,6910.37
2015,Pla de l'Estany,Girona,2.765370615,42.118105569,263,2853,3054,1382,1568,4357,4510,4035,4160,3019,2391,1.29,9260.72,5570.53
2015,Priorat,Tarragona,0.766749088,41.165252561,499,600,674,342,362,1070,1371,1230,1422,1253,1169,1.2,2141.29,2051.62
2015,Ribera d'Ebre,Tarragona,0.567443286,41.180631047,827,1466,1551,917,962,2690,3138,3084,3304,2937,2415,1.22,5498.38,4618.75
2015,Ripollès,Girona,2.167213333,42.224467627,957,1616,1785,907,966,3033,3316,3609,3820,3537,2689,1.46,8074.09,5473.11
2015,Segarra,Lleida,1.271020203,41.665741746,723,1939,2084,1053,1120,3136,3528,2663,3133,2182,1773,1.07,4289.88,4559.35
2015,Segrià,Lleida,0.458875465,41.494156354,1397,16879,17759,8784,9401,30086,32959,26577,28007,20357,15135,1.11,64248.33,20341.49
2015,Selva,Girona,2.603018891,42.00924462,995,13738,14724,7126,7745,24288,26304,22038,23457,15072,12467,1.76,70267.67,37960.37
2015,Solsonès,Lleida,1.358748948,41.842277682,1001,1085,1158,540,561,1752,1931,1734,1918,1463,1203,1.29,3963.48,2372.57
2015,Tarragonès,Tarragona,1.376050084,41.142750135,319,21681,23078,10445,11151,38671,40355,32211,32757,21763,16947,1.64,101002.95,48193.56
2015,Terra Alta,Tarragona,0.260882637,40.910005124,743,711,754,407,467,1315,1577,1499,1650,1805,1591,0.93,1989.11,2050.93
2015,Urgell,Lleida,1.098859253,41.787239279,580,3006,3186,1496,1571,4829,5292,4531,5037,3975,3119,1.2,10139.21,5815.13
2015,Vall d'Aran,Lleida,0.71138294,42.754900684,634,711,820,420,432,1634,1782,1320,1446,681,602,2.58,5241.52,4117.74
2015,Vallès Occidental,Barcelona,2.113347047,41.509070517,583,81632,86588,38371,40494,136082,137497,118434,115791,80049,59900,1.09,230024.45,128688.38
2015,Vallès Oriental,Barcelona,2.221915789,41.677289414,735,36172,38821,16774,17994,59768,61896,53369,54014,34600,27684,1.24,112993.55,68813.9
2016,Alt Camp,Tarragona,1.168858284,41.262911399,538,3659,3881,1891,1958,5993,6525,5811,6279,4388,3595,1.28,12270.83,8267.44
2016,Alt Empordà,Girona,2.846670142,42.393804699,1358,11821,12373,5916,6225,19540,20570,17925,18828,13376,11190,2.15,71144.7,38972.21
2016,Alt Penedès,Barcelona,1.777332142,41.361030685,593,9626,10259,4331,4445,15016,15632,13813,14488,9966,7973,1.34,30961.59,21151.69
2016,Alt Urgell,Lleida,1.508278479,42.351403709,1448,1420,1515,833,881,2795,2845,2882,3078,2308,1935,1.31,4951.81,4879.26
2016,Alta Ribagorça,Lleida,0.801124657,42.505378455,427,253,279,134,157,525,608,519,616,419,344,1.45,1263.44,785.57
2016,Anoia,Barcelona,1.443554697,41.59783259,866,10573,11227,4880,5121,16423,17565,15069,15860,11492,9022,1.44,42663.34,19120.13
2016,Bages,Barcelona,1.631966008,41.739169106,1092,14264,15230,6827,7393,23960,24613,23110,24085,19658,14432,1.24,45048.16,34038.82
2016,Baix Camp,Tarragona,0.975413192,41.210359353,697,16999,17959,8203,8409,27519,27372,25210,25230,17429,13975,1.48,60311.91,41590.24
2016,Baix Ebre,Tarragona,0.500058469,40.879900446,1003,5891,6453,3220,3502,10232,11496,10165,10529,9288,7657,1.42,24555.45,16425.47
2016,Baix Empordà,Girona,3.085288573,42.104398466,702,10612,11445,5601,5854,18149,18616,17918,18576,13313,10868,2.19,64036.6,41861.05
2016,Baix Llobregat,Barcelona,1.902601581,41.516171187,486,70721,75006,32794,34890,118793,119585,109349,107527,76184,59132,1.22,232049.89,127605.68
2016,Baix Penedès,Tarragona,1.486364127,41.245744816,296,8582,9261,4035,4209,13957,14538,12973,13517,9582,8483,1.78,46396.9,18309.3
2016,Barcelonès,Barcelona,2.24587666,41.452263347,146,153974,163287,86929,90361,332918,332576,301595,274279,277332,189249,1.22,667338.32,328185.92
2016,Berguedà,Barcelona,1.825611891,42.077717227,1185,2540,2818,1416,1564,4714,5039,5615,5829,5341,4086,1.34,13543.22,5658.14
2016,Cerdanya,Girona,1.837361267,42.397592638,547,1350,1410,649,783,2591,2780,2348,2784,1661,1415,1.96,9645.55,2992.75
2016,Conca de Barberà,Tarragona,1.228323935,41.41091586,650,1536,1659,759,851,2576,2920,2672,2953,2404,1933,1.46,5390.49,5411.21
2016,Garraf,Barcelona,1.722171016,41.28615903,185,12384,12960,5812,6174,20804,20687,20954,21261,13524,10783,1.63,55762.5,31494.35
2016,Garrigues,Lleida,0.924154304,41.541651668,798,1227,1360,681,757,2224,2735,2406,2836,2635,2237,1.06,5288.94,2113.66
2016,Garrotxa,Girona,2.641583767,42.21317776,735,4310,4664,2293,2523,7273,7553,7432,7883,6454,4911,1.4,15643.32,13024.4
2016,Gironès,Girona,2.761759172,41.938317975,576,17293,18501,8340,9094,28265,28362,23401,23336,15555,11630,1.17,42433.09,36929.51
2016,Maresme,Barcelona,2.294956934,41.493732172,399,37066,39600,17767,19475,61426,63108,61511,60386,43514,33540,1.5,135537.66,105534.23
2016,Moianès,Barcelona,1.9918776,41.789382427,338,1140,1155,517,600,1646,1851,1796,1956,1377,1119,1.53,3559.42,3839.59
2016,Montsià,Tarragona,0.480770667,40.5432439,735,5138,5601,2737,2762,9404,10101,8792,9176,7534,6265,1.33,16042.58,16761.28
2016,Noguera,Lleida,0.660407593,41.751364415,1784,2919,3097,1558,1711,4869,5707,4903,5545,4596,3787,1.12,11715.19,4274.69
2016,Osona,Barcelona,2.250544628,41.767986176,1245,13323,14376,6746,7115,21114,22233,20553,21452,15616,11561,1.17,26707.97,39935.19
2016,Pallars Jussà,Lleida,1.09247165,42.16144193,1343,876,877,524,581,1520,1941,1668,1953,1858,1434,1.25,4235.7,1882.41
2016,Pallars Sobirà,Lleida,1.317472691,42.548794993,1378,495,484,233,266,933,1008,974,1177,725,625,1.75,2015.4,2456.68
2016,Pla d'Urgell,Lleida,1.018357494,41.679015226,305,3090,3274,1521,1585,4971,5689,4538,5136,3845,2976,1.1,8194.59,6579.69
2016,Pla de l'Estany,Girona,2.765370615,42.118105569,263,2878,3079,1397,1591,4312,4423,4117,4194,3036,2406,1.33,9666.04,5617.25
2016,Priorat,Tarragona,0.766749088,41.165252561,499,581,647,347,356,1037,1319,1226,1423,1252,1140,1.26,2207.74,2113.52
2016,Ribera d'Ebre,Tarragona,0.567443286,41.180631047,827,1445,1555,915,940,2619,3103,3068,3282,2895,2360,1.23,5154.59,4916.58
2016,Ripollès,Girona,2.167213333,42.224467627,957,1617,1799,864,918,2981,3251,3557,3799,3553,2710,1.5,7981.07,5798.62
2016,Segarra,Lleida,1.271020203,41.665741746,723,1878,2102,1048,1111,3064,3438,2714,3176,2192,1815,1.09,4438.64,4597.16
2016,Segrià,Lleida,0.458875465,41.494156354,1397,16851,17736,8818,9442,29193,32112,27102,28611,20471,15372,1.13,64963.04,20918.84
2016,Selva,Girona,2.603018891,42.00924462,995,13794,14751,6965,7769,23793,25426,22459,23914,15350,12749,1.77,71567.14,36955.74
2016,Solsonès,Lleida,1.358748948,41.842277682,1001,1078,1129,530,553,1743,1890,1733,1942,1486,1212,1.38,4322.55,2405.76
2016,Tarragonès,Tarragona,1.376050084,41.142750135,319,21692,23066,10464,11144,37885,39142,32914,33400,22135,17287,1.64,99204.31,50637.45
2016,Terra Alta,Tarragona,0.260882637,40.910005124,743,714,770,418,458,1250,1502,1517,1638,1808,1580,0.97,1990.46,2186.82
2016,Urgell,Lleida,1.098859253,41.787239279,580,2948,3122,1516,1582,4687,5172,4619,5109,3958,3123,1.25,10296.24,6101.16
2016,Vall d'Aran,Lleida,0.71138294,42.754900684,634,709,805,423,421,1606,1716,1347,1500,687,612,2.69,5168.17,4596.93
2016,Vallès Occidental,Barcelona,2.113347047,41.509070517,583,81792,86863,38954,41106,133661,134854,121245,118511,81635,61440,1.1,231905.59,132560.26
2016,Vallès Oriental,Barcelona,2.221915789,41.677289414,735,35722,38362,16890,18101,57954,59871,54078,54867,35027,28029,1.25,113767.81,69242.44
2017,Alt Camp,Tarragona,1.168858284,41.262911399,538,3626,3831,1932,1974,5851,6355,5902,6385,4444,3625,1.36,12496.17,9343.29
2017,Alt Empordà,Girona,2.846670142,42.393804699,1358,11759,12282,5950,6320,19246,20255,18210,19199,13635,11366,2.18,70137.36,41194.73
2017,Alt Penedès,Barcelona,1.777332142,41.361030685,593,9583,10265,4477,4583,14727,15260,14215,14850,10129,8151,1.4,31445.2,23035.96
2017,Alt Urgell,Lleida,1.508278479,42.351403709,1447,1409,1488,849,907,2634,2754,2914,3061,2323,1965,1.33,4895.68,4931.3
2017,Alta Ribagorça,Lleida,0.801124657,42.505378455,427,251,273,149,154,511,577,524,624,420,346,1.46,1203.18,830.93
2017,Anoia,Barcelona,1.443554697,41.59783259,866,10554,11176,4952,5288,16156,17312,15534,16328,11699,9240,1.45,41698.24,20987.4
2017,Bages,Barcelona,1.631966008,41.739169106,1092,14237,15144,6967,7565,23544,24163,23523,24547,19819,14685,1.25,44280.65,35482.24
2017,Baix Camp,Tarragona,0.975413192,41.210359353,697,16795,17911,8221,8427,26889,26566,25564,25599,17776,14187,1.53,61153.6,43207.53
2017,Baix Ebre,Tarragona,0.500058469,40.879900446,1003,5844,6359,3186,3488,9956,11011,10166,10641,9337,7674,1.46,24823.46,16755.89
2017,Baix Empordà,Girona,3.085288573,42.104398466,702,10632,11476,5573,5952,17832,18268,18245,18871,13617,11108,2.28,64131.63,46534.7
2017,Baix Llobregat,Barcelona,1.902601581,41.516171187,486,70673,74914,33570,35726,116536,116984,112093,110537,78224,60373,1.25,234985.22,136206
2017,Baix Penedès,Tarragona,1.486364127,41.245744816,296,8568,9174,4195,4390,13750,14186,13397,14012,9933,8766,1.79,45051.68,20787.66
2017,Barcelonès,Barcelona,2.24587666,41.452263347,146,155406,164711,88975,92415,334752,332462,305333,279018,278588,190602,1.23,679725.8,329430.42
2017,Berguedà,Barcelona,1.825611891,42.077717227,1185,2545,2834,1417,1540,4605,4987,5622,5844,5386,4137,1.34,12861.81,6200.91
2017,Cerdanya,Girona,1.837361267,42.397592638,547,1313,1398,685,817,2547,2695,2430,2840,1653,1431,1.73,8155.35,3004.6
2017,Conca de Barberà,Tarragona,1.228323935,41.41091586,650,1516,1655,761,868,2526,2790,2689,2984,2419,1955,1.47,5355.3,5420.42
2017,Garraf,Barcelona,1.722171016,41.28615903,185,12313,12879,5917,6379,20475,20288,21418,21733,13897,11079,1.65,56797,32028.68
2017,Garrigues,Lleida,0.924154304,41.541651668,798,1215,1365,703,750,2173,2685,2390,2856,2622,2234,0.98,4811.69,1957.69
2017,Garrotxa,Girona,2.641583767,42.21317776,735,4338,4662,2306,2573,7208,7515,7524,8001,6553,4990,1.39,14986.37,13518.67
2017,Gironès,Girona,2.761759172,41.938317975,576,17403,18720,8609,9244,28264,28280,23957,23922,15935,11975,1.21,44460.49,38605.79
2017,Maresme,Barcelona,2.294956934,41.493732172,399,36997,39569,18210,19864,60599,62034,62906,61812,44608,34363,1.55,137832.58,112807.88
2017,Moianès,Barcelona,1.9918776,41.789382427,338,1129,1166,542,623,1619,1828,1813,2004,1368,1146,1.55,3491.35,4035.2
2017,Montsià,Tarragona,0.480770667,40.5432439,735,5105,5525,2763,2772,9168,9831,9008,9396,7571,6370,1.35,16497.99,16822.73
2017,Noguera,Lleida,0.660407593,41.751364415,1784,2893,3116,1547,1694,4786,5595,4936,5621,4602,3791,1.15,11745.46,4532.91
2017,Osona,Barcelona,2.250544628,41.767986176,1245,13272,14339,6899,7361,21081,22205,20935,21903,15818,11737,1.18,26768.03,40893.19
2017,Pallars Jussà,Lleida,1.09247165,42.16144193,1343,862,890,508,558,1485,1888,1699,1955,1843,1448,1.44,4380.38,2619.29
2017,Pallars Sobirà,Lleida,1.317472691,42.548794993,1378,488,480,261,263,907,991,990,1187,709,625,1.86,2164.5,2563.61
2017,Pla d'Urgell,Lleida,1.018357494,41.679015226,305,3108,3261,1535,1585,4891,5571,4593,5255,3877,3012,1.14,8504.58,6754.41
2017,Pla de l'Estany,Girona,2.765370615,42.118105569,263,2853,3109,1432,1541,4277,4393,4204,4267,3091,2469,1.29,9329.18,5590.89
2017,Priorat,Tarragona,0.766749088,41.165252561,499,590,632,340,371,1023,1303,1223,1442,1244,1141,1.25,2117.57,2146.93
2017,Ribera d'Ebre,Tarragona,0.567443286,41.180631047,827,1418,1540,903,939,2552,3022,3080,3265,2892,2382,1.25,5099.3,5013.18
2017,Ripollès,Girona,2.167213333,42.224467627,957,1581,1800,876,917,2902,3207,3597,3818,3515,2733,1.5,7910.51,5813.86
2017,Segarra,Lleida,1.271020203,41.665741746,723,1877,2066,1070,1163,3019,3364,2759,3302,2173,1821,1.09,4223.75,4833.53
2017,Segrià,Lleida,0.458875465,41.494156354,1397,16887,17688,8741,9484,28521,31358,27647,29299,20726,15567,1.17,63533.81,25431.36
2017,Selva,Girona,2.603018891,42.00924462,995,13850,14734,7043,7889,23265,24765,22912,24423,15617,12900,1.85,73866.38,39540.42
2017,Solsonès,Lleida,1.358748948,41.842277682,1001,1070,1118,540,591,1713,1867,1767,1954,1493,1214,1.42,4382.95,2518.51
2017,Tarragonès,Tarragona,1.376050084,41.142750135,319,21571,22969,10696,11298,37110,38321,33615,33977,22718,17782,1.68,100821.97,52769.53
2017,Terra Alta,Tarragona,0.260882637,40.910005124,743,715,781,417,450,1220,1504,1505,1625,1794,1565,1,1940.22,2313.92
2017,Urgell,Lleida,1.098859253,41.787239279,580,2976,3126,1521,1602,4649,5139,4653,5127,3957,3141,1.29,10278.47,6621.19
2017,Vall d'Aran,Lleida,0.71138294,42.754900684,634,708,794,410,433,1592,1724,1375,1515,724,632,2.68,5272.13,4508.32
2017,Vallès Occidental,Barcelona,2.113347047,41.509070517,583,81768,87075,39944,42134,131709,132347,124138,121754,83518,63072,1.13,232913.33,142545.62
2017,Vallès Oriental,Barcelona,2.221915789,41.677289414,735,35517,37990,17394,18663,56741,58632,55590,56358,35996,28773,1.26,114813.99,71020.63
2018,Alt Camp,Tarragona,1.168858284,41.262911399,538,3625,3832,1928,2013,5746,6204,5988,6509,4507,3700,1.41,12992.08,9613.46
2018,Alt Empordà,Girona,2.846670142,42.393804699,1358,11810,12301,6003,6455,19072,19932,18574,19496,13814,11585,2.25,68685.01,46699.97
2018,Alt Penedès,Barcelona,1.777332142,41.361030685,593,9676,10250,4637,4738,14611,14929,14632,15376,10296,8377,1.5,32778.32,26239.14
2018,Alt Urgell,Lleida,1.508278479,42.351403709,1447,1415,1490,841,913,2592,2712,2943,3069,2337,2006,1.41,5114.25,5286.29
2018,Alta Ribagorça,Lleida,0.801124657,42.505378455,427,244,277,150,150,504,562,539,620,406,352,1.6,1238.07,967.42
2018,Anoia,Barcelona,1.443554697,41.59783259,866,10489,11123,5055,5413,15859,16949,15877,16806,11914,9453,1.48,39115.99,25342.18
2018,Bages,Barcelona,1.631966008,41.739169106,1092,14260,15252,7189,7656,23243,23810,23890,24900,20080,15033,1.31,43816.56,40568.57
2018,Baix Camp,Tarragona,0.975413192,41.210359353,697,16783,17993,8361,8462,26561,26101,26041,26120,18158,14525,1.55,63283.14,43753.39
2018,Baix Ebre,Tarragona,0.500058469,40.879900446,1003,5818,6315,3213,3485,9652,10624,10294,10838,9369,7638,1.46,25201.82,16363.63
2018,Baix Empordà,Girona,3.085288573,42.104398466,702,10687,11498,5597,5946,17599,18056,18536,19182,13862,11365,2.27,64438.56,46247.85
2018,Baix Llobregat,Barcelona,1.902601581,41.516171187,486,70199,74515,34550,36716,114241,114316,114782,113239,80116,61757,1.27,233989.88,146360.27
2018,Baix Penedès,Tarragona,1.486364127,41.245744816,296,8615,9186,4251,4522,13685,14007,13821,14484,10346,9091,1.86,45417.38,24139.89
2018,Barcelonès,Barcelona,2.24587666,41.452263347,146,155909,165611,90699,93975,334369,331230,308563,282588,279744,191268,1.28,687466.56,365616.53
2018,Berguedà,Barcelona,1.825611891,42.077717227,1185,2574,2868,1443,1562,4541,4969,5618,5832,5393,4176,1.35,10876.6,8366.64
2018,Cerdanya,Girona,1.837361267,42.397592638,547,1312,1388,721,861,2459,2592,2482,2800,1686,1467,2.03,9976.28,3301.12
2018,Conca de Barberà,Tarragona,1.228323935,41.41091586,650,1509,1631,763,888,2457,2728,2722,3017,2416,2006,1.52,5370.7,5753.42
2018,Garraf,Barcelona,1.722171016,41.28615903,185,12236,12936,6146,6483,20243,20068,22021,22232,14240,11406,1.69,56729,35360.4
2018,Garrigues,Lleida,0.924154304,41.541651668,798,1205,1352,680,765,2144,2570,2411,2887,2586,2235,1.11,4729.97,2888.17
2018,Garrotxa,Girona,2.641583767,42.21317776,735,4352,4677,2342,2557,7237,7674,7606,8107,6634,5037,1.43,15019.95,14631.03
2018,Gironès,Girona,2.761759172,41.938317975,576,17559,18927,8946,9535,28195,28263,24590,24552,16268,12320,1.22,43841.29,40896.75
2018,Maresme,Barcelona,2.294956934,41.493732172,399,36905,39654,18695,20340,59722,60804,64383,63551,45764,35302,1.54,136350.82,115967.67
2018,Moianès,Barcelona,1.9918776,41.789382427,338,1125,1139,584,647,1584,1830,1875,2046,1394,1172,1.6,3527.73,4335.52
2018,Montsià,Tarragona,0.480770667,40.5432439,735,5088,5449,2761,2822,8858,9505,9145,9524,7653,6455,1.42,16925.29,17807.57
2018,Noguera,Lleida,0.660407593,41.751364415,1784,2912,3086,1519,1785,4678,5531,4944,5644,4619,3826,1.22,11889.7,5287.29
2018,Osona,Barcelona,2.250544628,41.767986176,1245,13328,14356,7042,7569,21009,22430,21404,22339,16045,11995,1.22,26951.41,43349.22
2018,Pallars Jussà,Lleida,1.09247165,42.16144193,1343,850,878,471,560,1458,1798,1724,1965,1823,1479,1.42,4115.39,2686.38
2018,Pallars Sobirà,Lleida,1.317472691,42.548794993,1378,470,487,275,267,919,955,996,1201,713,636,2.1,2268.86,3043.53
2018,Pla d'Urgell,Lleida,1.018357494,41.679015226,305,3089,3255,1549,1603,4785,5499,4662,5322,3921,3065,1.19,8673.96,7295.62
2018,Pla de l'Estany,Girona,2.765370615,42.118105569,263,2884,3125,1435,1542,4263,4380,4266,4377,3144,2489,1.37,9205.5,6758.94
2018,Priorat,Tarragona,0.766749088,41.165252561,499,586,616,330,377,1021,1273,1212,1456,1257,1130,1.57,2157.82,3170.49
2018,Ribera d'Ebre,Tarragona,0.567443286,41.180631047,827,1397,1531,919,936,2511,2930,3062,3283,2908,2399,1.21,4907.55,4827.33
2018,Ripollès,Girona,2.167213333,42.224467627,957,1610,1775,859,932,2891,3149,3587,3797,3544,2801,1.62,8184.89,6635.66
2018,Segarra,Lleida,1.271020203,41.665741746,723,1908,2040,1051,1174,2983,3363,2812,3391,2162,1844,1.21,4703.74,5403.4
2018,Segrià,Lleida,0.458875465,41.494156354,1397,16748,17708,8855,9491,27871,30769,28029,29804,21023,15810,1.2,61844.53,29706.87
2018,Selva,Girona,2.603018891,42.00924462,995,13790,14671,7151,8097,22771,24166,23456,24904,15934,13303,1.86,70203.31,44833.35
2018,Solsonès,Lleida,1.358748948,41.842277682,1001,1068,1106,555,621,1689,1809,1786,1995,1511,1229,1.43,4238.65,2729.13
2018,Tarragonès,Tarragona,1.376050084,41.142750135,319,21715,22964,10970,11493,36736,37820,34479,34756,23304,18445,1.69,100588.13,55538.99
2018,Terra Alta,Tarragona,0.260882637,40.910005124,743,707,760,403,438,1201,1458,1501,1640,1786,1553,0.99,1869.79,2298.6
2018,Urgell,Lleida,1.098859253,41.787239279,580,2997,3117,1552,1656,4623,5007,4710,5245,3977,3174,1.32,10245.46,7275.54
2018,Vall d'Aran,Lleida,0.71138294,42.754900684,634,726,786,401,436,1556,1653,1406,1594,744,642,2.32,5201.3,3266.32
2018,Vallès Occidental,Barcelona,2.113347047,41.509070517,583,81640,86763,40920,43389,129861,130253,127160,124725,85498,64623,1.18,236018.22,157973.7
2018,Vallès Oriental,Barcelona,2.221915789,41.677289414,735,35433,37805,17773,19117,55844,57533,57161,57765,36959,29665,1.33,116312.62,80525.15
2019,Alt Camp,Tarragona,1.168858284,41.262911399,538,3609,3807,1945,2118,5629,6154,6080,6595,4566,3792,1.34,12209.24,9423.27
2019,Alt Empordà,Girona,2.846670142,42.393804699,1358,11814,12382,6128,6535,18909,19815,18997,19940,14037,11754,2.28,65460.92,52262.63
2019,Alt Penedès,Barcelona,1.777332142,41.361030685,593,9566,10213,4740,4865,14377,14527,15006,15809,10456,8531,1.51,32530.76,27267.12
2019,Alt Urgell,Lleida,1.508278479,42.351403709,1447,1403,1456,810,910,2576,2695,2970,3059,2361,2055,1.42,5069.32,5360.58
2019,Alta Ribagorça,Lleida,0.801124657,42.505378455,427,243,288,151,141,498,541,540,641,414,347,1.59,1150.52,1049.23
2019,Anoia,Barcelona,1.443554697,41.59783259,866,10510,11159,5203,5643,15807,16786,16257,17337,12160,9747,1.4,35480.38,26012
2019,Bages,Barcelona,1.631966008,41.739169106,1092,14432,15449,7469,7968,23194,23674,24357,25424,20328,15304,1.33,42435.46,44160.26
2019,Baix Camp,Tarragona,0.975413192,41.210359353,697,16788,17998,8579,8778,26354,25748,26542,26798,18673,14870,1.55,62253.37,45898.5
2019,Baix Ebre,Tarragona,0.500058469,40.879900446,1003,5794,6236,3241,3541,9491,10396,10438,10923,9438,7766,1.61,25361.86,20189.73
2019,Baix Empordà,Girona,3.085288573,42.104398466,702,10678,11453,5692,6039,17353,17849,18980,19626,14124,11652,2.23,59747.44,49797.59
2019,Baix Llobregat,Barcelona,1.902601581,41.516171187,486,69657,73877,35806,38250,112383,112576,117865,116310,81876,62951,1.28,227890.48,157654.21
2019,Baix Penedès,Tarragona,1.486364127,41.245744816,296,8651,9255,4422,4705,13676,14151,14444,15016,10737,9440,1.89,44480.71,27844.75
2019,Barcelonès,Barcelona,2.24587666,41.452263347,146,155767,165303,93188,97019,336302,334709,312824,287971,281019,192342,1.27,677131.56,379232.84
2019,Berguedà,Barcelona,1.825611891,42.077717227,1185,2586,2890,1449,1608,4569,5002,5619,5825,5428,4286,1.19,5329.44,11827.24
2019,Cerdanya,Girona,1.837361267,42.397592638,547,1331,1404,772,884,2511,2646,2554,2838,1717,1499,2.01,9871.38,3500.84
2019,Conca de Barberà,Tarragona,1.228323935,41.41091586,650,1450,1610,775,916,2364,2637,2754,3053,2423,2002,1.44,4975.4,5584.85
2019,Garraf,Barcelona,1.722171016,41.28615903,185,12100,12833,6424,6753,19869,19598,22532,22719,14645,11744,1.69,54686,38245.18
2019,Garrigues,Lleida,0.924154304,41.541651668,798,1209,1346,677,835,2101,2571,2438,2879,2574,2210,1.06,4365.76,2950.89
2019,Garrotxa,Girona,2.641583767,42.21317776,735,4436,4734,2387,2702,7328,7824,7801,8241,6624,5114,1.36,13749.62,14877.03
2019,Gironès,Girona,2.761759172,41.938317975,576,17672,19055,9173,10014,28357,28303,25183,25149,16596,12603,1.21,42377.26,43242.67
2019,Maresme,Barcelona,2.294956934,41.493732172,399,36947,39516,19221,21123,59168,60527,65893,64931,46864,36253,1.53,131723.94,121381.66
2019,Moianès,Barcelona,1.9918776,41.789382427,338,1089,1126,598,660,1584,1850,1903,2125,1438,1180,1.56,2865.86,4870.04
2019,Montsià,Tarragona,0.480770667,40.5432439,735,5046,5431,2817,2997,8647,9344,9356,9700,7696,6524,1.41,16204.67,18473.96
2019,Noguera,Lleida,0.660407593,41.751364415,1784,2913,3103,1548,1792,4550,5507,5010,5752,4613,3823,1.16,9667.48,6692.36
2019,Osona,Barcelona,2.250544628,41.767986176,1245,13434,14438,7189,7926,20959,22539,21829,22791,16314,12400,1.22,24675.13,46966.41
2019,Pallars Jussà,Lleida,1.09247165,42.16144193,1343,829,871,492,549,1442,1783,1764,1961,1809,1506,1.45,4010.02,2903.32
2019,Pallars Sobirà,Lleida,1.317472691,42.548794993,1378,454,484,265,282,921,925,1006,1189,715,667,2.08,2291.03,2961.19
2019,Pla d'Urgell,Lleida,1.018357494,41.679015226,305,3054,3203,1538,1686,4691,5378,4757,5407,3939,3135,1.23,8796.4,7692.48
2019,Pla de l'Estany,Girona,2.765370615,42.118105569,263,2881,3124,1447,1564,4263,4405,4312,4436,3205,2552,1.35,8941.1,6948.1
2019,Priorat,Tarragona,0.766749088,41.165252561,499,571,606,313,395,995,1239,1244,1466,1256,1130,1.26,1957.3,2283.6
2019,Ribera d'Ebre,Tarragona,0.567443286,41.180631047,827,1354,1537,920,911,2439,2926,3071,3302,2917,2391,1.23,4858.87,4971.18
2019,Ripollès,Girona,2.167213333,42.224467627,957,1631,1786,864,930,2865,3082,3620,3825,3558,2836,1.53,7174.24,6825.3
2019,Segarra,Lleida,1.271020203,41.665741746,723,1910,2059,1036,1244,3015,3364,2874,3441,2164,1863,1.17,4111.15,5710.47
2019,Segrià,Lleida,0.458875465,41.494156354,1397,16782,17739,8975,9858,27558,30328,28648,30584,21382,16100,1.15,51048.77,37165.97
2019,Selva,Girona,2.603018891,42.00924462,995,13955,14569,7303,8494,22762,24071,24121,25522,16283,13654,1.83,63711.04,50668.94
2019,Solsonès,Lleida,1.358748948,41.842277682,1001,1066,1117,583,626,1650,1772,1841,2025,1530,1247,1.41,3691.41,3217.32
2019,Tarragonès,Tarragona,1.376050084,41.142750135,319,21797,23029,11313,11958,36585,37576,35479,35668,23953,18989,1.67,99515.03,57430.96
2019,Terra Alta,Tarragona,0.260882637,40.910005124,743,695,783,423,440,1179,1419,1489,1641,1794,1562,1.01,1754.14,2501.64
2019,Urgell,Lleida,1.098859253,41.787239279,580,3056,3133,1542,1706,4624,5079,4796,5343,4024,3182,1.33,10073.6,7727.53
2019,Vall d'Aran,Lleida,0.71138294,42.754900684,634,712,779,405,448,1553,1644,1458,1623,762,666,2.34,5282.16,3354.04
2019,Vallès Occidental,Barcelona,2.113347047,41.509070517,583,81320,86425,42268,44816,128147,128477,130235,128048,87380,66066,1.19,229305.13,171495.63
2019,Vallès Oriental,Barcelona,2.221915789,41.677289414,735,35089,37499,18280,20047,54869,56526,58696,59290,37811,30358,1.31,111475.51,84086.68
2020,Alt Camp,Tarragona,1.168858284,41.262911399,538,3565,3777,1981,2195,5587,6147,6245,6734,4649,3853,1.42,12426.32,10716.08
2020,Alt Empordà,Girona,2.846670142,42.393804699,1358,11768,12436,6336,6756,18780,19656,19442,20508,14351,11995,2.23,57256.74,58902.74
2020,Alt Penedès,Barcelona,1.777332142,41.361030685,593,9575,10166,4934,5160,14174,14320,15508,16329,10655,8681,1.57,33577.18,29347.09
2020,Alt Urgell,Lleida,1.508278479,42.351403709,1447,1377,1463,796,882,2501,2636,3009,3070,2389,2063,1.38,4928.73,5229.68
2020,Alta Ribagorça,Lleida,0.801124657,42.505378455,427,260,298,143,134,492,531,553,657,414,359,1.57,1094.16,1094.03
2020,Anoia,Barcelona,1.443554697,41.59783259,866,10552,11209,5448,5971,15731,16795,16816,17997,12424,9916,1.47,36274.51,29695.93
2020,Bages,Barcelona,1.631966008,41.739169106,1092,14535,15459,7754,8458,23102,23487,24933,26112,20512,15613,1.38,43219.7,47707.52
2020,Baix Camp,Tarragona,0.975413192,41.210359353,697,16732,17985,8914,9281,26110,25533,27376,27515,19166,15284,1.49,59349.15,46091.33
2020,Baix Ebre,Tarragona,0.500058469,40.879900446,1003,5780,6216,3242,3799,9374,10267,10706,11223,9520,7819,1.58,23932.29,20950.09
2020,Baix Empordà,Girona,3.085288573,42.104398466,702,10644,11422,5837,6221,17177,17736,19476,20118,14421,11953,2.14,56048.56,50013.99
2020,Baix Llobregat,Barcelona,1.902601581,41.516171187,486,69019,73224,37475,40016,110970,111031,121357,120242,84041,64272,1.28,226488.06,164343.91
2020,Baix Penedès,Tarragona,1.486364127,41.245744816,296,8756,9365,4671,4872,13737,14317,15002,15636,11102,9739,1.85,44838.51,27760.5
2020,Barcelonès,Barcelona,2.24587666,41.452263347,146,155586,165073,96082,101797,338274,339365,317831,294016,282693,193759,1.16,625683.3,357444.32
2020,Berguedà,Barcelona,1.825611891,42.077717227,1185,2643,2963,1517,1646,4583,5065,5674,5930,5488,4311,1.24,5441.27,12655.8
2020,Cerdanya,Girona,1.837361267,42.397592638,547,1361,1413,790,929,2532,2634,2640,2910,1757,1536,1.97,9732.63,3581.94
2020,Conca de Barberà,Tarragona,1.228323935,41.41091586,650,1417,1567,793,944,2294,2596,2818,3103,2413,2019,1.49,4228.54,6643.81
2020,Garraf,Barcelona,1.722171016,41.28615903,185,12024,12757,6742,7197,19717,19318,23218,23617,15214,12160,1.62,53531,36866.53
2020,Garrigues,Lleida,0.924154304,41.541651668,798,1214,1369,684,867,2084,2529,2461,2903,2572,2252,1.1,4392.14,3207.37
2020,Garrotxa,Girona,2.641583767,42.21317776,735,4500,4765,2464,2935,7364,7948,7997,8412,6673,5268,1.28,13791.28,13670.51
2020,Gironès,Girona,2.761759172,41.938317975,576,17701,19012,9527,10474,28460,28696,25795,25906,17049,12943,1.24,42146.3,46728.28
2020,Maresme,Barcelona,2.294956934,41.493732172,399,36796,39388,19880,22233,58628,60329,67751,66814,48158,37345,1.51,129926.95,122028.77
2020,Moianès,Barcelona,1.9918776,41.789382427,338,1071,1116,628,703,1595,1877,1987,2209,1464,1234,1.65,3043.21,5341.31
2020,Montsià,Tarragona,0.480770667,40.5432439,735,5066,5434,2836,3186,8511,9291,9532,9940,7858,6659,1.42,17001.8,18371.45
2020,Noguera,Lleida,0.660407593,41.751364415,1784,2930,3124,1569,1924,4466,5524,5129,5875,4626,3848,1.23,10268.84,7237.54
2020,Osona,Barcelona,2.250544628,41.767986176,1245,13611,14514,7374,8203,21097,22795,22315,23604,16637,12756,1.25,24649.45,49879.05
2020,Pallars Jussà,Lleida,1.09247165,42.16144193,1343,850,883,512,558,1444,1764,1797,2011,1806,1522,1.5,4106.86,3122.97
2020,Pallars Sobirà,Lleida,1.317472691,42.548794993,1378,438,489,252,291,918,916,1023,1185,730,671,1.85,1894.22,2782.93
2020,Pla d'Urgell,Lleida,1.018357494,41.679015226,305,3034,3180,1584,1799,4575,5254,4854,5617,3931,3151,1.29,8909.53,8383.11
2020,Pla de l'Estany,Girona,2.765370615,42.118105569,263,2877,3087,1507,1610,4243,4347,4402,4565,3265,2626,1.38,9160.02,7311.37
2020,Priorat,Tarragona,0.766749088,41.165252561,499,555,601,312,382,991,1191,1262,1510,1264,1110,1.33,1969.4,2481.11
2020,Ribera d'Ebre,Tarragona,0.567443286,41.180631047,827,1364,1544,902,919,2416,2915,3064,3328,2971,2441,1.25,5069.64,4889.5
2020,Ripollès,Girona,2.167213333,42.224467627,957,1643,1802,871,967,2847,3074,3684,3888,3545,2839,1.54,7136.26,7104.17
2020,Segarra,Lleida,1.271020203,41.665741746,723,1903,2031,1050,1290,2966,3379,2955,3533,2210,1894,1.27,4581.87,6194.14
2020,Segrià,Lleida,0.458875465,41.494156354,1397,16769,17796,9225,10423,27306,30253,29418,31442,21724,16466,1.15,51767.31,37202.47
2020,Selva,Girona,2.603018891,42.00924462,995,13921,14570,7633,8898,22795,24205,24776,26095,16725,14066,1.69,58124.51,49420
2020,Solsonès,Lleida,1.358748948,41.842277682,1001,1085,1137,579,638,1639,1725,1867,2050,1525,1280,1.34,3484.68,3105.45
2020,Tarragonès,Tarragona,1.376050084,41.142750135,319,21865,23094,11688,12569,36591,37728,36506,36935,24684,19510,1.45,87034.21,51365.56
2020,Terra Alta,Tarragona,0.260882637,40.910005124,743,673,764,423,456,1165,1402,1482,1641,1799,1546,1.08,1701.82,2807.96
2020,Urgell,Lleida,1.098859253,41.787239279,580,3096,3143,1599,1768,4608,5097,4923,5477,4054,3221,1.37,10266.31,8264.9
2020,Vall d'Aran,Lleida,0.71138294,42.754900684,634,731,738,393,461,1554,1615,1503,1648,776,700,2.09,4727.4,3040.02
2020,Vallès Occidental,Barcelona,2.113347047,41.509070517,583,80925,85997,44005,46708,126905,127028,134109,132237,89484,67851,1.21,231373.09,182994.34
2020,Vallès Oriental,Barcelona,2.221915789,41.677289414,735,34715,36973,19031,20971,54176,55810,60329,61187,38831,31199,1.36,114517.42,91986.46
2021,Alt Camp,Tarragona,1.168858284,41.262911399,538,3596,3756,1977,2224,5552,6082,6361,6877,4721,3932,1.43,12250.85,11183.65
2021,Alt Empordà,Girona,2.846670142,42.393804699,1358,11660,12322,6508,6800,18616,19489,19932,21108,14652,12310,2.16,58894.19,54416.31
2021,Alt Penedès,Barcelona,1.777332142,41.361030685,593,9423,10027,5093,5389,13886,14031,15961,16808,10795,8785,1.58,33209.16,30294.96
2021,Alt Urgell,Lleida,1.508278479,42.351403709,1447,1407,1477,811,921,2485,2654,3111,3151,2393,2034,1.43,5097.08,5542.89
2021,Alta Ribagorça,Lleida,0.801124657,42.505378455,427,257,310,154,146,511,525,578,679,427,373,1.57,1110.5,1145.24
2021,Anoia,Barcelona,1.443554697,41.59783259,866,10412,11073,5702,6309,15572,16559,17369,18688,12525,9921,1.4,33285.7,30137.74
2021,Bages,Barcelona,1.631966008,41.739169106,1092,14430,15324,7973,8739,22802,23100,25449,26758,20442,15670,1.37,42541.23,48106.42
2021,Baix Camp,Tarragona,0.975413192,41.210359353,697,16493,17725,9176,9630,25774,24988,28062,28235,19494,15519,1.59,61560.78,51942.7
2021,Baix Ebre,Tarragona,0.500058469,40.879900446,1003,5783,6186,3268,3935,9346,10238,10959,11646,9681,7925,1.66,26988.24,20615.88
2021,Baix Empordà,Girona,3.085288573,42.104398466,702,10516,11278,5931,6455,17134,17572,20144,20928,14720,12355,2.29,59086.28,55522.03
2021,Baix Llobregat,Barcelona,1.902601581,41.516171187,486,67602,71594,38499,41223,108122,107846,124402,123680,84823,64583,1.29,227963.34,164861.2
2021,Baix Penedès,Tarragona,1.486364127,41.245744816,296,8846,9440,4902,5159,13860,14273,15705,16521,11508,9943,1.86,44636.83,30254.95
2021,Barcelonès,Barcelona,2.24587666,41.452263347,146,151552,160635,95931,101714,332751,336368,320027,297952,281067,191925,1.2,631441.54,370294.33
2021,Berguedà,Barcelona,1.825611891,42.077717227,1185,2654,2960,1529,1683,4624,5043,5717,5996,5465,4315,1.29,5908.81,12967.84
2021,Cerdanya,Girona,1.837361267,42.397592638,547,1403,1482,844,953,2596,2687,2784,3099,1797,1603,1.92,9649.31,3842.84
2021,Conca de Barberà,Tarragona,1.228323935,41.41091586,650,1384,1569,848,967,2308,2590,2847,3185,2438,2023,1.4,2015.84,8283.7
2021,Garraf,Barcelona,1.722171016,41.28615903,185,11837,12551,7046,7488,19483,19133,24030,24581,15566,12492,1.65,52107,40557.7
2021,Garrigues,Lleida,0.924154304,41.541651668,798,1227,1356,716,901,2053,2530,2480,2938,2569,2262,1.08,4397.48,3088.26
2021,Garrotxa,Girona,2.641583767,42.21317776,735,4498,4751,2535,3021,7373,8030,8182,8577,6697,5350,1.26,13485.19,13814.79
2021,Gironès,Girona,2.761759172,41.938317975,576,17468,18726,9805,10627,27914,28210,26429,26532,17363,13204,1.21,40805.73,46349.42
2021,Maresme,Barcelona,2.294956934,41.493732172,399,36266,38735,20480,22975,57513,59272,69355,68555,48977,38059,1.5,128374.51,123396.6
2021,Moianès,Barcelona,1.9918776,41.789382427,338,1074,1110,647,733,1628,1898,2074,2298,1483,1274,1.56,2862.39,5263.76
2021,Montsià,Tarragona,0.480770667,40.5432439,735,5011,5359,2885,3272,8346,8967,9743,10195,7948,6797,1.51,18774.92,18835.32
2021,Noguera,Lleida,0.660407593,41.751364415,1784,2918,3116,1583,1956,4446,5461,5181,6033,4620,3829,1.24,10259.11,7423.47
2021,Osona,Barcelona,2.250544628,41.767986176,1245,13490,14419,7496,8367,20880,22505,22824,24202,16721,12963,1.26,23756.57,51872.73
2021,Pallars Jussà,Lleida,1.09247165,42.16144193,1343,822,869,528,548,1421,1706,1874,2035,1777,1532,1.51,4014.12,3238.24
2021,Pallars Sobirà,Lleida,1.317472691,42.548794993,1378,458,500,272,304,937,933,1046,1225,746,695,2.02,1964.27,3267.06
2021,Pla d'Urgell,Lleida,1.018357494,41.679015226,305,3063,3166,1598,1820,4573,5129,4933,5835,3929,3154,1.27,8694.78,8327.71
2021,Pla de l'Estany,Girona,2.765370615,42.118105569,263,2840,3064,1561,1683,4257,4342,4471,4620,3309,2670,1.35,8937.82,7242.5
2021,Priorat,Tarragona,0.766749088,41.165252561,499,560,595,326,388,986,1202,1295,1553,1263,1115,1.25,2027.81,2175.33
2021,Ribera d'Ebre,Tarragona,0.567443286,41.180631047,827,1404,1546,875,931,2418,2829,3099,3345,2967,2485,1.18,4817.25,4613.84
2021,Ripollès,Girona,2.167213333,42.224467627,957,1643,1814,913,1011,2863,3036,3716,3961,3588,2903,1.59,7104.86,7665.54
2021,Segarra,Lleida,1.271020203,41.665741746,723,1903,2030,1068,1299,2901,3349,3062,3704,2240,1899,1.23,4246.11,6267.97
2021,Segrià,Lleida,0.458875465,41.494156354,1397,16620,17581,9312,10611,26571,29653,29765,32000,21937,16653,1.19,53115.97,38741.75
2021,Selva,Girona,2.603018891,42.00924462,995,13763,14362,7895,9017,22564,24147,25239,26758,17134,14456,1.68,57410.48,50445.52
2021,Solsonès,Lleida,1.358748948,41.842277682,1001,1078,1132,593,652,1656,1692,1887,2114,1538,1306,1.34,3296.4,3363.76
2021,Tarragonès,Tarragona,1.376050084,41.142750135,319,21670,22880,11923,12933,35927,36888,37427,37868,25330,20022,1.57,89954.22,60459.4
2021,Terra Alta,Tarragona,0.260882637,40.910005124,743,693,757,430,471,1164,1379,1502,1663,1801,1545,1.14,1761.33,2982.6
2021,Urgell,Lleida,1.098859253,41.787239279,580,3076,3116,1666,1849,4530,5092,5011,5585,4061,3253,1.33,8913.69,9146.94
2021,Vall d'Aran,Lleida,0.71138294,42.754900684,634,731,765,400,460,1569,1622,1554,1716,809,735,2.06,4485.56,3310.73
2021,Vallès Occidental,Barcelona,2.113347047,41.509070517,583,79482,84359,45528,47981,123882,123978,137305,135505,90599,68767,1.2,227324.16,184950.03
2021,Vallès Oriental,Barcelona,2.221915789,41.677289414,735,33983,36176,19746,21596,53109,54642,61978,63050,39411,31624,1.35,110881.17,93714.23
